Date (TC+1),Valais,Grisons,Tessin,Reste de la Suisse,Niveau de stockage maximal dans toute la Suisse
,Énergie (TWh),Énergie (TWh),Énergie (TWh),Énergie (TWh),Énergie (TWh)
2000-01-03T01:00+01:00,2.037,1.226,0.758,0.904,8.5
2000-01-10T01:00+01:00,1.945,1.175,0.72,0.868,8.5
2000-01-17T01:00+01:00,1.733,1.063,0.651,0.777,8.5
2000-01-24T01:00+01:00,1.584,0.94,0.591,0.674,8.5
2000-01-31T01:00+01:00,1.414,0.803,0.517,0.581,8.5
2000-02-07T01:00+01:00,1.285,0.72,0.466,0.568,8.5
2000-02-14T01:00+01:00,1.2,0.623,0.422,0.56,8.5
2000-02-21T01:00+01:00,1.074,0.526,0.366,0.525,8.5
2000-02-28T01:00+01:00,0.95,0.437,0.334,0.479,8.5
2000-03-06T01:00+01:00,0.831,0.382,0.302,0.446,8.5
2000-03-13T01:00+01:00,0.722,0.335,0.272,0.431,8.5
2000-03-20T01:00+01:00,0.638,0.289,0.238,0.39,8.5
2000-03-27T02:00+02:00,0.539,0.246,0.203,0.361,8.5
2000-04-03T02:00+02:00,0.413,0.184,0.164,0.318,8.5
2000-04-10T02:00+02:00,0.302,0.14,0.129,0.279,8.5
2000-04-17T02:00+02:00,0.218,0.118,0.115,0.252,8.5
2000-04-24T02:00+02:00,0.215,0.123,0.128,0.288,8.5
2000-05-01T02:00+02:00,0.234,0.209,0.169,0.372,8.5
2000-05-08T02:00+02:00,0.261,0.334,0.229,0.448,8.5
2000-05-15T02:00+02:00,0.365,0.505,0.325,0.534,8.5
2000-05-22T02:00+02:00,0.519,0.651,0.403,0.587,8.5
2000-05-29T02:00+02:00,0.644,0.761,0.455,0.594,8.5
2000-06-05T02:00+02:00,0.809,0.88,0.534,0.675,8.5
2000-06-12T02:00+02:00,1.118,1.028,0.654,0.774,8.5
2000-06-19T02:00+02:00,1.324,1.136,0.756,0.858,8.5
2000-06-26T02:00+02:00,1.603,1.21,0.816,0.933,8.5
2000-07-03T02:00+02:00,1.79,1.227,0.83,0.954,8.5
2000-07-10T02:00+02:00,2.027,1.287,0.844,1.029,8.5
2000-07-17T02:00+02:00,2.103,1.329,0.859,1.106,8.5
2000-07-24T02:00+02:00,2.189,1.342,0.866,1.107,8.5
2000-07-31T02:00+02:00,2.445,1.486,0.942,1.204,8.5
2000-08-07T02:00+02:00,2.644,1.585,0.961,1.268,8.56
2000-08-14T02:00+02:00,2.847,1.65,0.972,1.329,8.56
2000-08-21T02:00+02:00,3.121,1.661,0.98,1.378,8.56
2000-08-28T02:00+02:00,3.358,1.677,0.988,1.406,8.56
2000-09-04T02:00+02:00,3.423,1.67,0.991,1.422,8.56
2000-09-11T02:00+02:00,3.439,1.651,0.981,1.43,8.56
2000-09-18T02:00+02:00,3.515,1.64,0.975,1.427,8.56
2000-09-25T02:00+02:00,3.559,1.71,1.04,1.484,8.56
2000-10-02T02:00+02:00,3.571,1.743,1.106,1.478,8.56
2000-10-09T02:00+02:00,3.572,1.784,1.126,1.465,8.56
2000-10-16T02:00+02:00,3.61,1.904,1.188,1.529,8.56
2000-10-23T02:00+02:00,3.637,1.915,1.177,1.502,8.56
2000-10-30T01:00+01:00,3.538,1.891,1.164,1.469,8.56
2000-11-06T01:00+01:00,3.47,1.909,1.171,1.459,8.56
2000-11-13T01:00+01:00,3.385,1.902,1.144,1.425,8.56
2000-11-20T01:00+01:00,3.27,1.922,1.138,1.395,8.56
2000-11-27T01:00+01:00,3.146,1.877,1.104,1.361,8.56
2000-12-04T01:00+01:00,3.04,1.827,1.069,1.324,8.56
2000-12-11T01:00+01:00,2.936,1.775,1.043,1.275,8.56
2000-12-18T01:00+01:00,2.828,1.699,0.997,1.219,8.56
2000-12-25T01:00+01:00,2.704,1.609,0.938,1.128,8.56
2001-01-01T01:00+01:00,2.648,1.599,0.925,1.121,8.56
2001-01-08T01:00+01:00,2.58,1.548,0.899,1.124,8.56
2001-01-15T01:00+01:00,2.462,1.443,0.844,1.045,8.56
2001-01-22T01:00+01:00,2.306,1.319,0.757,0.94,8.56
2001-01-29T01:00+01:00,2.167,1.213,0.705,0.882,8.56
2001-02-05T01:00+01:00,1.99,1.089,0.633,0.799,8.56
2001-02-12T01:00+01:00,1.843,0.998,0.593,0.769,8.56
2001-02-19T01:00+01:00,1.671,0.882,0.539,0.698,8.56
2001-02-26T01:00+01:00,1.466,0.748,0.489,0.614,8.56
2001-03-05T01:00+01:00,1.261,0.593,0.406,0.512,8.56
2001-03-12T01:00+01:00,1.146,0.5,0.351,0.513,8.56
2001-03-19T01:00+01:00,1.033,0.433,0.312,0.523,8.56
2001-03-26T02:00+02:00,0.954,0.376,0.283,0.555,8.56
2001-04-02T02:00+02:00,0.81,0.314,0.24,0.517,8.56
2001-04-09T02:00+02:00,0.681,0.271,0.191,0.485,8.56
2001-04-16T02:00+02:00,0.585,0.229,0.159,0.456,8.56
2001-04-23T02:00+02:00,0.478,0.178,0.131,0.375,8.56
2001-04-30T02:00+02:00,0.414,0.154,0.111,0.36,8.56
2001-05-07T02:00+02:00,0.404,0.212,0.145,0.432,8.56
2001-05-14T02:00+02:00,0.429,0.333,0.207,0.477,8.56
2001-05-21T02:00+02:00,0.479,0.48,0.309,0.526,8.56
2001-05-28T02:00+02:00,0.58,0.65,0.43,0.605,8.56
2001-06-04T02:00+02:00,0.801,0.858,0.569,0.68,8.56
2001-06-11T02:00+02:00,0.929,1.016,0.677,0.727,8.56
2001-06-18T02:00+02:00,1.094,1.196,0.804,0.786,8.56
2001-06-25T02:00+02:00,1.243,1.326,0.898,0.836,8.56
2001-07-02T02:00+02:00,1.611,1.52,1.011,0.946,8.56
2001-07-09T02:00+02:00,1.977,1.674,1.076,1.025,8.56
2001-07-16T02:00+02:00,2.215,1.771,1.108,1.084,8.56
2001-07-23T02:00+02:00,2.404,1.84,1.137,1.173,8.56
2001-07-30T02:00+02:00,2.649,1.849,1.132,1.24,8.56
2001-08-06T02:00+02:00,2.998,1.92,1.152,1.34,8.56
2001-08-13T02:00+02:00,3.221,1.92,1.148,1.361,8.56
2001-08-20T02:00+02:00,3.383,1.873,1.117,1.385,8.56
2001-08-27T02:00+02:00,3.537,1.85,1.088,1.402,8.56
2001-09-03T02:00+02:00,3.549,1.835,1.065,1.442,8.56
2001-09-10T02:00+02:00,3.554,1.834,1.06,1.487,8.56
2001-09-17T02:00+02:00,3.522,1.82,1.051,1.46,8.56
2001-09-24T02:00+02:00,3.471,1.789,1.037,1.436,8.56
2001-10-01T02:00+02:00,3.433,1.775,1.041,1.425,8.56
2001-10-08T02:00+02:00,3.436,1.801,1.047,1.447,8.56
2001-10-15T02:00+02:00,3.418,1.826,1.073,1.444,8.56
2001-10-22T02:00+02:00,3.362,1.801,1.059,1.426,8.56
2001-10-29T01:00+01:00,3.277,1.781,1.042,1.398,8.56
2001-11-05T01:00+01:00,3.208,1.757,1.011,1.36,8.56
2001-11-12T01:00+01:00,3.087,1.703,0.963,1.321,8.56
2001-11-19T01:00+01:00,2.94,1.614,0.899,1.268,8.56
2001-11-26T01:00+01:00,2.802,1.522,0.839,1.207,8.56
2001-12-03T01:00+01:00,2.694,1.448,0.797,1.192,8.56
2001-12-10T01:00+01:00,2.586,1.36,0.758,1.152,8.56
2001-12-17T01:00+01:00,2.42,1.235,0.684,1.07,8.56
2001-12-24T01:00+01:00,2.256,1.113,0.616,0.975,8.56
2001-12-31T01:00+01:00,2.209,1.106,0.595,0.989,8.56
2002-01-07T01:00+01:00,2.117,1.063,0.561,0.969,8.56
2002-01-14T01:00+01:00,1.967,0.945,0.505,0.873,8.56
2002-01-21T01:00+01:00,1.837,0.818,0.465,0.809,8.56
2002-01-28T01:00+01:00,1.734,0.765,0.432,0.772,8.56
2002-02-04T01:00+01:00,1.658,0.727,0.405,0.757,8.56
2002-02-11T01:00+01:00,1.571,0.692,0.377,0.746,8.56
2002-02-18T01:00+01:00,1.472,0.657,0.346,0.724,8.56
2002-02-25T01:00+01:00,1.351,0.588,0.302,0.685,8.56
2002-03-04T01:00+01:00,1.24,0.544,0.272,0.678,8.56
2002-03-11T01:00+01:00,1.139,0.515,0.252,0.645,8.56
2002-03-18T01:00+01:00,1.044,0.488,0.231,0.61,8.56
2002-03-25T01:00+01:00,0.978,0.481,0.218,0.636,8.56
2002-04-01T02:00+02:00,0.89,0.459,0.185,0.585,8.56
2002-04-08T02:00+02:00,0.826,0.453,0.168,0.547,8.56
2002-04-15T02:00+02:00,0.718,0.409,0.135,0.479,8.56
2002-04-22T02:00+02:00,0.617,0.368,0.109,0.408,8.56
2002-04-29T02:00+02:00,0.556,0.369,0.101,0.418,8.56
2002-05-06T02:00+02:00,0.526,0.422,0.143,0.459,8.56
2002-05-13T02:00+02:00,0.518,0.472,0.174,0.474,8.56
2002-05-20T02:00+02:00,0.552,0.574,0.233,0.558,8.56
2002-05-27T02:00+02:00,0.628,0.701,0.317,0.617,8.56
2002-06-03T02:00+02:00,0.689,0.791,0.378,0.655,8.56
2002-06-10T02:00+02:00,0.847,0.966,0.517,0.775,8.56
2002-06-17T02:00+02:00,1.006,1.082,0.612,0.848,8.56
2002-06-24T02:00+02:00,1.394,1.219,0.721,0.965,8.56
2002-07-01T02:00+02:00,1.761,1.303,0.777,1.057,8.56
2002-07-08T02:00+02:00,2.003,1.367,0.838,1.086,8.56
2002-07-15T02:00+02:00,2.206,1.441,0.897,1.153,8.56
2002-07-22T02:00+02:00,2.417,1.505,0.944,1.266,8.56
2002-07-29T02:00+02:00,2.587,1.537,0.958,1.282,8.56
2002-08-05T02:00+02:00,2.793,1.582,0.972,1.347,8.56
2002-08-12T02:00+02:00,2.919,1.626,1.002,1.422,8.56
2002-08-19T02:00+02:00,3.025,1.661,1.006,1.441,8.56
2002-08-26T02:00+02:00,3.172,1.661,1.007,1.437,8.56
2002-09-02T02:00+02:00,3.322,1.656,1.012,1.437,8.56
2002-09-09T02:00+02:00,3.437,1.67,1.028,1.462,8.56
2002-09-16T02:00+02:00,3.476,1.675,1.043,1.453,8.56
2002-09-23T02:00+02:00,3.507,1.649,1.031,1.463,8.56
2002-09-30T02:00+02:00,3.455,1.603,1.011,1.45,8.56
2002-10-07T02:00+02:00,3.417,1.591,0.999,1.45,8.56
2002-10-14T02:00+02:00,3.383,1.589,0.987,1.438,8.56
2002-10-21T02:00+02:00,3.374,1.635,1.015,1.458,8.56
2002-10-28T01:00+01:00,3.331,1.673,1.022,1.484,8.56
2002-11-04T01:00+01:00,3.287,1.68,1.011,1.489,8.56
2002-11-11T01:00+01:00,3.218,1.671,0.989,1.455,8.56
2002-11-18T01:00+01:00,3.144,1.722,1.041,1.48,8.56
2002-11-25T01:00+01:00,3.056,1.731,1.061,1.445,8.56
2002-12-02T01:00+01:00,2.945,1.756,1.089,1.436,8.56
2002-12-09T01:00+01:00,2.828,1.705,1.065,1.375,8.56
2002-12-16T01:00+01:00,2.674,1.613,1.013,1.258,8.56
2002-12-23T01:00+01:00,2.538,1.531,0.971,1.196,8.56
2002-12-30T01:00+01:00,2.531,1.545,0.967,1.248,8.56
2003-01-06T01:00+01:00,2.515,1.54,0.953,1.281,8.56
2003-01-13T01:00+01:00,2.322,1.417,0.877,1.163,8.56
2003-01-20T01:00+01:00,2.187,1.313,0.823,1.078,8.56
2003-01-27T01:00+01:00,2.025,1.205,0.761,0.991,8.56
2003-02-03T01:00+01:00,1.861,1.095,0.699,0.917,8.56
2003-02-10T01:00+01:00,1.698,0.977,0.641,0.813,8.56
2003-02-17T01:00+01:00,1.495,0.845,0.572,0.697,8.56
2003-02-24T01:00+01:00,1.289,0.708,0.487,0.579,8.56
2003-03-03T01:00+01:00,1.128,0.622,0.419,0.507,8.56
2003-03-10T01:00+01:00,0.998,0.561,0.378,0.457,8.56
2003-03-17T01:00+01:00,0.875,0.511,0.34,0.429,8.56
2003-03-24T01:00+01:00,0.767,0.429,0.293,0.407,8.56
2003-03-31T02:00+02:00,0.673,0.381,0.26,0.414,8.56
2003-04-07T02:00+02:00,0.611,0.346,0.235,0.406,8.56
2003-04-14T02:00+02:00,0.49,0.304,0.185,0.317,8.56
2003-04-21T02:00+02:00,0.454,0.298,0.18,0.341,8.56
2003-04-28T02:00+02:00,0.421,0.294,0.169,0.367,8.56
2003-05-05T02:00+02:00,0.496,0.396,0.218,0.46,8.56
2003-05-12T02:00+02:00,0.542,0.555,0.295,0.521,8.56
2003-05-19T02:00+02:00,0.566,0.637,0.342,0.519,8.56
2003-05-26T02:00+02:00,0.62,0.701,0.39,0.546,8.56
2003-06-02T02:00+02:00,0.732,0.858,0.496,0.644,8.56
2003-06-09T02:00+02:00,1.076,1.039,0.618,0.755,8.56
2003-06-16T02:00+02:00,1.419,1.172,0.748,0.89,8.56
2003-06-23T02:00+02:00,1.746,1.27,0.817,0.973,8.56
2003-06-30T02:00+02:00,2.055,1.322,0.839,1.039,8.56
2003-07-07T02:00+02:00,2.238,1.352,0.856,1.072,8.56
2003-07-14T02:00+02:00,2.45,1.359,0.858,1.067,8.56
2003-07-21T02:00+02:00,2.677,1.362,0.857,1.106,8.56
2003-07-28T02:00+02:00,2.868,1.381,0.872,1.166,8.56
2003-08-04T02:00+02:00,3.042,1.423,0.882,1.212,8.56
2003-08-11T02:00+02:00,3.246,1.4,0.866,1.242,8.56
2003-08-18T02:00+02:00,3.402,1.394,0.858,1.267,8.56
2003-08-25T02:00+02:00,3.51,1.4,0.864,1.272,8.56
2003-09-01T02:00+02:00,3.56,1.466,0.895,1.305,8.56
2003-09-08T02:00+02:00,3.53,1.485,0.888,1.294,8.56
2003-09-15T02:00+02:00,3.479,1.483,0.886,1.307,8.56
2003-09-22T02:00+02:00,3.471,1.488,0.881,1.301,8.56
2003-09-29T02:00+02:00,3.442,1.469,0.863,1.292,8.56
2003-10-06T02:00+02:00,3.398,1.444,0.856,1.303,8.56
2003-10-13T02:00+02:00,3.352,1.465,0.87,1.364,8.56
2003-10-20T02:00+02:00,3.235,1.462,0.85,1.33,8.56
2003-10-27T01:00+01:00,3.102,1.407,0.822,1.276,8.56
2003-11-03T01:00+01:00,2.988,1.379,0.814,1.248,8.56
2003-11-10T01:00+01:00,2.872,1.367,0.803,1.241,8.56
2003-11-17T01:00+01:00,2.751,1.346,0.786,1.214,8.56
2003-11-24T01:00+01:00,2.626,1.325,0.784,1.197,8.56
2003-12-01T01:00+01:00,2.508,1.316,0.786,1.166,8.56
2003-12-08T01:00+01:00,2.37,1.282,0.765,1.127,8.56
2003-12-15T01:00+01:00,2.232,1.217,0.729,1.081,8.56
2003-12-22T01:00+01:00,2.092,1.18,0.694,1.042,8.56
2003-12-29T01:00+01:00,2.048,1.193,0.688,1.063,8.56
2004-01-05T01:00+01:00,1.991,1.192,0.671,1.064,8.54
2004-01-12T01:00+01:00,1.869,1.16,0.631,0.996,8.54
2004-01-19T01:00+01:00,1.793,1.155,0.604,1.03,8.54
2004-01-26T01:00+01:00,1.654,1.099,0.56,0.96,8.54
2004-02-02T01:00+01:00,1.505,1.026,0.528,0.881,8.54
2004-02-09T01:00+01:00,1.4,1.01,0.509,0.859,8.54
2004-02-16T01:00+01:00,1.264,0.967,0.478,0.808,8.54
2004-02-23T01:00+01:00,1.122,0.911,0.447,0.755,8.54
2004-03-01T01:00+01:00,0.962,0.827,0.411,0.683,8.54
2004-03-08T01:00+01:00,0.811,0.731,0.354,0.579,8.54
2004-03-15T01:00+01:00,0.656,0.637,0.301,0.501,8.54
2004-03-22T01:00+01:00,0.566,0.595,0.272,0.51,8.54
2004-03-29T02:00+02:00,0.446,0.525,0.229,0.478,8.54
2004-04-05T02:00+02:00,0.373,0.504,0.206,0.477,8.54
2004-04-12T02:00+02:00,0.331,0.477,0.179,0.446,8.54
2004-04-19T02:00+02:00,0.296,0.457,0.171,0.432,8.54
2004-04-26T02:00+02:00,0.275,0.444,0.176,0.451,8.54
2004-05-03T02:00+02:00,0.278,0.454,0.183,0.461,8.54
2004-05-10T02:00+02:00,0.256,0.422,0.197,0.44,8.54
2004-05-17T02:00+02:00,0.241,0.39,0.199,0.431,8.54
2004-05-24T02:00+02:00,0.318,0.472,0.258,0.506,8.54
2004-05-31T02:00+02:00,0.365,0.516,0.301,0.514,8.54
2004-06-07T02:00+02:00,0.457,0.573,0.375,0.642,8.54
2004-06-14T02:00+02:00,0.607,0.724,0.487,0.758,8.54
2004-06-21T02:00+02:00,0.772,0.82,0.545,0.794,8.54
2004-06-28T02:00+02:00,0.907,0.915,0.61,0.835,8.54
2004-07-05T02:00+02:00,1.184,1.036,0.679,0.901,8.54
2004-07-12T02:00+02:00,1.449,1.201,0.792,0.998,8.54
2004-07-19T02:00+02:00,1.612,1.27,0.822,1.025,8.54
2004-07-26T02:00+02:00,1.941,1.36,0.86,1.146,8.54
2004-08-02T02:00+02:00,2.204,1.414,0.876,1.214,8.54
2004-08-09T02:00+02:00,2.52,1.452,0.925,1.277,8.54
2004-08-16T02:00+02:00,2.803,1.479,0.971,1.351,8.54
2004-08-23T02:00+02:00,3.07,1.59,1.066,1.412,8.54
2004-08-30T02:00+02:00,3.253,1.635,1.076,1.444,8.54
2004-09-06T02:00+02:00,3.386,1.653,1.067,1.432,8.54
2004-09-13T02:00+02:00,3.487,1.64,1.045,1.45,8.54
2004-09-20T02:00+02:00,3.51,1.634,1.042,1.447,8.54
2004-09-27T02:00+02:00,3.526,1.615,1.03,1.466,8.54
2004-10-04T02:00+02:00,3.475,1.6,1.014,1.445,8.54
2004-10-11T02:00+02:00,3.449,1.61,0.998,1.435,8.54
2004-10-18T02:00+02:00,3.378,1.604,0.978,1.413,8.54
2004-10-25T02:00+02:00,3.329,1.616,0.972,1.419,8.54
2004-11-01T01:00+01:00,3.287,1.714,1.067,1.446,8.54
2004-11-08T01:00+01:00,3.297,1.795,1.125,1.463,8.54
2004-11-15T01:00+01:00,3.211,1.779,1.097,1.428,8.54
2004-11-22T01:00+01:00,3.106,1.743,1.047,1.382,8.54
2004-11-29T01:00+01:00,2.985,1.696,0.997,1.338,8.54
2004-12-06T01:00+01:00,2.847,1.623,0.922,1.287,8.54
2004-12-13T01:00+01:00,2.686,1.524,0.847,1.218,8.54
2004-12-20T01:00+01:00,2.54,1.438,0.768,1.146,8.54
2004-12-27T01:00+01:00,2.456,1.407,0.731,1.143,8.54
2005-01-03T01:00+01:00,2.432,1.408,0.717,1.14,8.54
2005-01-10T01:00+01:00,2.348,1.386,0.679,1.129,8.54
2005-01-17T01:00+01:00,2.236,1.327,0.635,1.085,8.54
2005-01-24T01:00+01:00,2.108,1.255,0.588,1.043,8.54
2005-01-31T01:00+01:00,1.898,1.115,0.52,0.941,8.54
2005-02-07T01:00+01:00,1.709,0.993,0.467,0.851,8.54
2005-02-14T01:00+01:00,1.55,0.885,0.421,0.795,8.54
2005-02-21T01:00+01:00,1.387,0.76,0.358,0.713,8.54
2005-02-28T01:00+01:00,1.205,0.636,0.297,0.597,8.54
2005-03-07T01:00+01:00,1.007,0.503,0.232,0.458,8.54
2005-03-14T01:00+01:00,0.825,0.393,0.196,0.364,8.54
2005-03-21T01:00+01:00,0.73,0.353,0.184,0.358,8.54
2005-03-28T02:00+02:00,0.652,0.349,0.172,0.406,8.54
2005-04-04T02:00+02:00,0.563,0.313,0.15,0.425,8.54
2005-04-11T02:00+02:00,0.478,0.25,0.113,0.414,8.54
2005-04-18T02:00+02:00,0.394,0.206,0.091,0.394,8.54
2005-04-25T02:00+02:00,0.335,0.163,0.072,0.395,8.54
2005-05-02T02:00+02:00,0.3,0.162,0.08,0.431,8.54
2005-05-09T02:00+02:00,0.336,0.221,0.12,0.498,8.54
2005-05-16T02:00+02:00,0.317,0.205,0.118,0.468,8.54
2005-05-23T02:00+02:00,0.329,0.252,0.15,0.501,8.54
2005-05-30T02:00+02:00,0.445,0.389,0.249,0.621,8.54
2005-06-06T02:00+02:00,0.638,0.53,0.331,0.742,8.54
2005-06-13T02:00+02:00,0.735,0.566,0.35,0.737,8.54
2005-06-20T02:00+02:00,0.936,0.641,0.414,0.773,8.54
2005-06-27T02:00+02:00,1.199,0.701,0.451,0.845,8.54
2005-07-04T02:00+02:00,1.494,0.74,0.472,0.91,8.54
2005-07-11T02:00+02:00,1.607,0.768,0.487,0.943,8.54
2005-07-18T02:00+02:00,1.793,0.789,0.504,0.956,8.54
2005-07-25T02:00+02:00,2.022,0.86,0.535,1.012,8.54
2005-08-01T02:00+02:00,2.331,0.926,0.578,1.096,8.54
2005-08-08T02:00+02:00,2.572,0.995,0.656,1.211,8.54
2005-08-15T02:00+02:00,2.715,1.029,0.673,1.199,8.54
2005-08-22T02:00+02:00,2.86,1.084,0.69,1.234,8.54
2005-08-29T02:00+02:00,3.021,1.17,0.72,1.331,8.54
2005-09-05T02:00+02:00,3.181,1.214,0.724,1.326,8.54
2005-09-12T02:00+02:00,3.321,1.252,0.749,1.329,8.54
2005-09-19T02:00+02:00,3.317,1.274,0.756,1.336,8.54
2005-09-26T02:00+02:00,3.295,1.276,0.767,1.321,8.54
2005-10-03T02:00+02:00,3.258,1.285,0.762,1.323,8.54
2005-10-10T02:00+02:00,3.204,1.315,0.751,1.32,8.54
2005-10-17T02:00+02:00,3.158,1.313,0.736,1.284,8.54
2005-10-24T02:00+02:00,3.115,1.312,0.711,1.246,8.54
2005-10-31T01:00+01:00,3.079,1.301,0.691,1.205,8.54
2005-11-07T01:00+01:00,3.044,1.299,0.666,1.181,8.54
2005-11-14T01:00+01:00,2.956,1.261,0.646,1.123,8.54
2005-11-21T01:00+01:00,2.833,1.198,0.612,1.074,8.54
2005-11-28T01:00+01:00,2.677,1.116,0.573,0.998,8.54
2005-12-05T01:00+01:00,2.529,1.039,0.533,0.934,8.54
2005-12-12T01:00+01:00,2.391,0.985,0.507,0.894,8.54
2005-12-19T01:00+01:00,2.259,0.925,0.485,0.849,8.54
2005-12-26T01:00+01:00,2.142,0.878,0.468,0.823,8.54
2006-01-02T01:00+01:00,2.061,0.87,0.454,0.83,8.54
2006-01-09T01:00+01:00,1.967,0.848,0.445,0.813,8.54
2006-01-16T01:00+01:00,1.828,0.787,0.42,0.747,8.54
2006-01-23T01:00+01:00,1.71,0.754,0.404,0.707,8.54
2006-01-30T01:00+01:00,1.559,0.678,0.369,0.647,8.54
2006-02-06T01:00+01:00,1.383,0.608,0.343,0.592,8.54
2006-02-13T01:00+01:00,1.237,0.556,0.318,0.558,8.54
2006-02-20T01:00+01:00,1.098,0.511,0.287,0.542,8.54
2006-02-27T01:00+01:00,0.97,0.446,0.254,0.489,8.54
2006-03-06T01:00+01:00,0.836,0.377,0.22,0.436,8.54
2006-03-13T01:00+01:00,0.736,0.343,0.199,0.416,8.54
2006-03-20T01:00+01:00,0.624,0.293,0.167,0.354,8.54
2006-03-27T02:00+02:00,0.533,0.269,0.154,0.364,8.54
2006-04-03T02:00+02:00,0.498,0.269,0.15,0.422,8.54
2006-04-10T02:00+02:00,0.453,0.25,0.142,0.391,8.54
2006-04-17T02:00+02:00,0.407,0.242,0.136,0.398,8.54
2006-04-24T02:00+02:00,0.409,0.262,0.144,0.422,8.54
2006-05-01T02:00+02:00,0.412,0.295,0.161,0.449,8.54
2006-05-08T02:00+02:00,0.447,0.363,0.191,0.492,8.54
2006-05-15T02:00+02:00,0.48,0.43,0.215,0.525,8.54
2006-05-22T02:00+02:00,0.62,0.577,0.275,0.624,8.54
2006-05-29T02:00+02:00,0.741,0.693,0.363,0.687,8.54
2006-06-05T02:00+02:00,0.813,0.757,0.397,0.733,8.54
2006-06-12T02:00+02:00,0.909,0.807,0.434,0.74,8.54
2006-06-19T02:00+02:00,1.215,0.945,0.505,0.824,8.54
2006-06-26T02:00+02:00,1.565,1.068,0.572,0.95,8.54
2006-07-03T02:00+02:00,1.932,1.162,0.625,1.04,8.54
2006-07-10T02:00+02:00,2.209,1.232,0.662,1.088,8.54
2006-07-17T02:00+02:00,2.475,1.268,0.688,1.125,8.54
2006-07-24T02:00+02:00,2.724,1.277,0.695,1.165,8.54
2006-07-31T02:00+02:00,2.943,1.273,0.695,1.2,8.54
2006-08-07T02:00+02:00,3.1,1.346,0.714,1.32,8.54
2006-08-14T02:00+02:00,3.19,1.367,0.725,1.345,8.54
2006-08-21T02:00+02:00,3.299,1.476,0.831,1.395,8.54
2006-08-28T02:00+02:00,3.368,1.522,0.859,1.399,8.54
2006-09-04T02:00+02:00,3.42,1.552,0.876,1.45,8.54
2006-09-11T02:00+02:00,3.55,1.588,0.887,1.478,8.54
2006-09-18T02:00+02:00,3.601,1.636,0.933,1.49,8.54
2006-09-25T02:00+02:00,3.616,1.669,0.957,1.491,8.54
2006-10-02T02:00+02:00,3.576,1.698,0.972,1.47,8.505
2006-10-09T02:00+02:00,3.616,1.78,1.027,1.49,8.505
2006-10-16T02:00+02:00,3.542,1.784,1.019,1.441,8.505
2006-10-23T02:00+02:00,3.437,1.765,0.991,1.4,8.505
2006-10-30T01:00+01:00,3.374,1.79,1.001,1.395,8.505
2006-11-06T01:00+01:00,3.284,1.755,0.983,1.371,8.505
2006-11-13T01:00+01:00,3.157,1.72,0.951,1.334,8.505
2006-11-20T01:00+01:00,3.042,1.709,0.926,1.307,8.505
2006-11-27T01:00+01:00,2.891,1.683,0.905,1.28,8.505
2006-12-04T01:00+01:00,2.738,1.627,0.869,1.24,8.505
2006-12-11T01:00+01:00,2.611,1.636,0.868,1.232,8.505
2006-12-18T01:00+01:00,2.461,1.59,0.837,1.177,8.505
2006-12-25T01:00+01:00,2.315,1.55,0.798,1.112,8.505
2007-01-01T01:00+01:00,2.225,1.532,0.779,1.102,8.515
2007-01-08T01:00+01:00,2.162,1.529,0.764,1.109,8.515
2007-01-15T01:00+01:00,2.087,1.518,0.735,1.085,8.515
2007-01-22T01:00+01:00,2.007,1.497,0.726,1.067,8.515
2007-01-29T01:00+01:00,1.832,1.421,0.686,1,8.515
2007-02-05T01:00+01:00,1.707,1.226,0.642,0.905,8.515
2007-02-12T01:00+01:00,1.557,1.265,0.612,0.874,8.515
2007-02-19T01:00+01:00,1.454,1.212,0.585,0.84,8.515
2007-02-26T01:00+01:00,1.336,1.149,0.559,0.788,8.515
2007-03-05T01:00+01:00,1.249,1.092,0.543,0.779,8.515
2007-03-12T01:00+01:00,1.153,1.024,0.523,0.717,8.515
2007-03-19T01:00+01:00,1.096,1,0.51,0.657,8.515
2007-03-26T02:00+02:00,0.989,0.936,0.482,0.582,8.515
2007-04-02T02:00+02:00,0.899,0.896,0.453,0.548,8.515
2007-04-09T02:00+02:00,0.84,0.877,0.432,0.54,8.515
2007-04-16T02:00+02:00,0.806,0.88,0.438,0.565,8.515
2007-04-23T02:00+02:00,0.804,0.927,0.467,0.595,8.515
2007-04-30T02:00+02:00,0.813,0.998,0.497,0.637,8.515
2007-05-07T02:00+02:00,0.824,1.044,0.527,0.661,8.515
2007-05-14T02:00+02:00,0.836,1.096,0.559,0.704,8.515
2007-05-21T02:00+02:00,0.885,1.174,0.628,0.802,8.515
2007-05-28T02:00+02:00,1.033,1.287,0.696,0.844,8.515
2007-06-04T02:00+02:00,1.076,1.344,0.765,0.878,8.515
2007-06-11T02:00+02:00,1.236,1.442,0.836,0.94,8.515
2007-06-18T02:00+02:00,1.536,1.567,0.94,1.022,8.515
2007-06-25T02:00+02:00,1.84,1.65,1.009,1.092,8.515
2007-07-02T02:00+02:00,2.027,1.64,1.046,1.12,8.515
2007-07-09T02:00+02:00,2.212,1.693,1.072,1.175,8.515
2007-07-16T02:00+02:00,2.382,1.716,1.068,1.193,8.515
2007-07-23T02:00+02:00,2.621,1.722,1.063,1.254,8.515
2007-07-30T02:00+02:00,2.795,1.74,1.069,1.301,8.515
2007-08-06T02:00+02:00,2.916,1.742,1.064,1.342,8.515
2007-08-13T02:00+02:00,3.04,1.761,1.078,1.402,8.515
2007-08-20T02:00+02:00,3.191,1.789,1.074,1.405,8.515
2007-08-27T02:00+02:00,3.188,1.803,1.082,1.376,8.515
2007-09-03T02:00+02:00,3.403,1.817,1.053,1.434,8.515
2007-09-10T02:00+02:00,3.417,1.788,1.009,1.431,8.515
2007-09-17T02:00+02:00,3.462,1.755,0.967,1.412,8.515
2007-09-24T02:00+02:00,3.509,1.762,0.948,1.424,8.515
2007-10-01T02:00+02:00,3.432,1.725,0.93,1.409,8.52
2007-10-08T02:00+02:00,3.413,1.751,0.927,1.409,8.52
2007-10-15T02:00+02:00,3.349,1.717,0.91,1.353,8.52
2007-10-22T02:00+02:00,3.257,1.664,0.871,1.311,8.52
2007-10-29T01:00+01:00,3.122,1.602,0.82,1.236,8.52
2007-11-05T01:00+01:00,3.002,1.565,0.798,1.202,8.52
2007-11-12T01:00+01:00,2.857,1.526,0.765,1.158,8.52
2007-11-19T01:00+01:00,2.697,1.456,0.732,1.09,8.52
2007-11-26T01:00+01:00,2.563,1.398,0.712,1.07,8.52
2007-12-03T01:00+01:00,2.433,1.345,0.69,1.045,8.52
2007-12-10T01:00+01:00,2.333,1.313,0.672,1.073,8.52
2007-12-17T01:00+01:00,2.181,1.247,0.641,1.002,8.52
2007-12-24T01:00+01:00,2.039,1.15,0.609,0.914,8.52
2007-12-31T01:00+01:00,1.961,1.14,0.584,0.915,8.52
2008-01-07T01:00+01:00,1.872,1.189,0.563,0.894,8.51
2008-01-14T01:00+01:00,1.756,1.049,0.543,0.899,8.51
2008-01-21T01:00+01:00,1.635,0.993,0.523,0.864,8.51
2008-01-28T01:00+01:00,1.48,0.909,0.5,0.817,8.51
2008-02-04T01:00+01:00,1.353,0.834,0.472,0.748,8.51
2008-02-11T01:00+01:00,1.223,0.761,0.45,0.69,8.51
2008-02-18T01:00+01:00,1.094,0.672,0.424,0.591,8.51
2008-02-25T01:00+01:00,0.976,0.589,0.394,0.523,8.51
2008-03-03T01:00+01:00,0.875,0.534,0.368,0.52,8.51
2008-03-10T01:00+01:00,0.765,0.46,0.333,0.487,8.51
2008-03-17T01:00+01:00,0.681,0.415,0.314,0.494,8.51
2008-03-24T01:00+01:00,0.607,0.361,0.287,0.45,8.51
2008-03-31T02:00+02:00,0.527,0.295,0.269,0.394,8.51
2008-04-07T02:00+02:00,0.448,0.247,0.249,0.37,8.51
2008-04-14T02:00+02:00,0.367,0.198,0.234,0.355,8.51
2008-04-21T02:00+02:00,0.29,0.158,0.224,0.341,8.51
2008-04-28T02:00+02:00,0.253,0.155,0.231,0.392,8.51
2008-05-05T02:00+02:00,0.241,0.183,0.246,0.436,8.51
2008-05-12T02:00+02:00,0.263,0.262,0.284,0.492,8.51
2008-05-19T02:00+02:00,0.293,0.378,0.332,0.547,8.51
2008-05-26T02:00+02:00,0.339,0.482,0.401,0.578,8.51
2008-06-02T02:00+02:00,0.653,0.746,0.573,0.732,8.51
2008-06-09T02:00+02:00,0.793,0.932,0.677,0.814,8.51
2008-06-16T02:00+02:00,0.922,1.033,0.739,0.876,8.51
2008-06-23T02:00+02:00,1.073,1.124,0.801,0.908,8.51
2008-06-30T02:00+02:00,1.438,1.245,0.88,1.017,8.51
2008-07-07T02:00+02:00,1.763,1.331,0.932,1.116,8.51
2008-07-14T02:00+02:00,2.07,1.49,0.976,1.189,8.51
2008-07-21T02:00+02:00,2.288,1.6,0.99,1.254,8.51
2008-07-28T02:00+02:00,2.471,1.638,0.986,1.251,8.51
2008-08-04T02:00+02:00,2.744,1.692,0.996,1.312,8.51
2008-08-11T02:00+02:00,2.972,1.721,1.009,1.373,8.51
2008-08-18T02:00+02:00,3.179,1.796,1.082,1.468,8.51
2008-08-25T02:00+02:00,3.3,1.799,1.088,1.472,8.51
2008-09-01T02:00+02:00,3.394,1.77,1.067,1.461,8.51
2008-09-08T02:00+02:00,3.514,1.875,1.159,1.506,8.51
2008-09-15T02:00+02:00,3.554,1.868,1.17,1.519,8.51
2008-09-22T02:00+02:00,3.463,1.831,1.14,1.454,8.51
2008-09-29T02:00+02:00,3.366,1.778,1.11,1.396,8.51
2008-10-06T02:00+02:00,3.257,1.729,1.083,1.381,8.505
2008-10-13T02:00+02:00,3.177,1.696,1.062,1.37,8.505
2008-10-20T02:00+02:00,3.104,1.681,1.037,1.368,8.505
2008-10-27T01:00+01:00,3.017,1.657,1.018,1.345,8.505
2008-11-03T01:00+01:00,2.914,1.672,1.045,1.343,8.505
2008-11-10T01:00+01:00,2.815,1.703,1.074,1.338,8.505
2008-11-17T01:00+01:00,2.707,1.69,1.067,1.308,8.505
2008-11-24T01:00+01:00,2.591,1.668,1.043,1.285,8.505
2008-12-01T01:00+01:00,2.461,1.612,0.981,1.24,8.505
2008-12-08T01:00+01:00,2.344,1.561,0.947,1.21,8.505
2008-12-15T01:00+01:00,2.207,1.488,0.892,1.132,8.505
2008-12-22T01:00+01:00,2.086,1.431,0.853,1.091,8.505
2008-12-29T01:00+01:00,2.012,1.428,0.839,1.093,8.505
2009-01-05T01:00+01:00,1.907,1.403,0.813,1.063,8.51
2009-01-12T01:00+01:00,1.747,1.308,0.751,0.981,8.51
2009-01-19T01:00+01:00,1.591,1.211,0.689,0.889,8.505
2009-01-26T01:00+01:00,1.464,1.149,0.638,0.858,8.505
2009-02-02T01:00+01:00,1.413,1.049,0.576,0.797,8.765
2009-02-09T01:00+01:00,1.291,0.972,0.524,0.758,8.765
2009-02-16T01:00+01:00,1.162,0.892,0.474,0.713,8.765
2009-02-23T01:00+01:00,1.037,0.793,0.446,0.664,8.765
2009-03-02T01:00+01:00,0.916,0.72,0.422,0.595,8.765
2009-03-09T01:00+01:00,0.81,0.642,0.398,0.539,8.765
2009-03-16T01:00+01:00,0.708,0.578,0.381,0.507,8.765
2009-03-23T01:00+01:00,0.608,0.505,0.358,0.475,8.765
2009-03-30T02:00+02:00,0.513,0.427,0.329,0.422,8.765
2009-04-06T02:00+02:00,0.459,0.401,0.313,0.426,8.765
2009-04-13T02:00+02:00,0.422,0.401,0.299,0.467,8.765
2009-04-20T02:00+02:00,0.388,0.399,0.296,0.468,8.765
2009-04-27T02:00+02:00,0.353,0.385,0.297,0.461,8.765
2009-05-04T02:00+02:00,0.295,0.378,0.311,0.438,8.765
2009-05-11T02:00+02:00,0.276,0.425,0.333,0.474,8.765
2009-05-18T02:00+02:00,0.303,0.573,0.391,0.541,8.765
2009-05-25T02:00+02:00,0.463,0.799,0.502,0.633,8.765
2009-06-01T02:00+02:00,0.672,0.999,0.608,0.712,8.765
2009-06-08T02:00+02:00,0.789,1.138,0.708,0.754,8.765
2009-06-15T02:00+02:00,0.92,1.268,0.835,0.805,8.765
2009-06-22T02:00+02:00,1.248,1.44,0.954,0.964,8.765
2009-06-29T02:00+02:00,1.378,1.477,0.979,1.005,8.765
2009-07-06T02:00+02:00,1.662,1.55,1.021,1.062,8.765
2009-07-13T02:00+02:00,1.858,1.583,1.011,1.094,8.765
2009-07-20T02:00+02:00,2.128,1.658,1.069,1.215,8.765
2009-07-27T02:00+02:00,2.399,1.694,1.074,1.282,8.765
2009-08-03T02:00+02:00,2.633,1.703,1.071,1.333,8.765
2009-08-10T02:00+02:00,2.802,1.714,1.053,1.367,8.765
2009-08-17T02:00+02:00,3.027,1.714,1.024,1.389,8.765
2009-08-24T02:00+02:00,3.212,1.697,0.99,1.386,8.765
2009-08-31T02:00+02:00,3.358,1.687,0.979,1.396,8.765
2009-09-07T02:00+02:00,3.43,1.705,0.957,1.431,8.765
2009-09-14T02:00+02:00,3.446,1.688,0.911,1.412,8.765
2009-09-21T02:00+02:00,3.429,1.689,0.916,1.404,8.765
2009-09-28T02:00+02:00,3.441,1.677,0.886,1.394,8.765
2009-10-05T02:00+02:00,3.42,1.653,0.841,1.357,8.765
2009-10-12T02:00+02:00,3.44,1.638,0.803,1.355,8.765
2009-10-19T02:00+02:00,3.393,1.609,0.772,1.301,8.765
2009-10-26T01:00+01:00,3.297,1.564,0.745,1.256,8.765
2009-11-02T01:00+01:00,3.217,1.53,0.721,1.219,8.765
2009-11-09T01:00+01:00,3.15,1.504,0.708,1.226,8.765
2009-11-16T01:00+01:00,3.074,1.485,0.693,1.203,8.765
2009-11-23T01:00+01:00,3.015,1.467,0.679,1.205,8.765
2009-11-30T01:00+01:00,2.927,1.437,0.667,1.177,8.765
2009-12-07T01:00+01:00,2.828,1.408,0.662,1.149,8.765
2009-12-14T01:00+01:00,2.764,1.368,0.653,1.149,8.765
2009-12-21T01:00+01:00,2.605,1.274,0.626,1.039,8.765
2009-12-28T01:00+01:00,2.541,1.265,0.625,1.047,8.765
2010-01-04T01:00+01:00,2.478,1.261,0.616,1.043,8.765
2010-01-11T01:00+01:00,2.328,1.179,0.583,0.962,8.765
2010-01-18T01:00+01:00,2.134,1.088,0.539,0.897,8.765
2010-01-25T01:00+01:00,1.958,1.001,0.503,0.841,8.765
2010-02-01T01:00+01:00,1.742,0.893,0.46,0.76,8.765
2010-02-08T01:00+01:00,1.496,0.806,0.435,0.681,8.765
2010-02-15T01:00+01:00,1.288,0.68,0.416,0.569,8.765
2010-02-22T01:00+01:00,1.088,0.606,0.402,0.514,8.765
2010-03-01T01:00+01:00,0.952,0.549,0.387,0.486,8.765
2010-03-08T01:00+01:00,0.809,0.467,0.366,0.45,8.765
2010-03-15T01:00+01:00,0.612,0.375,0.322,0.391,8.765
2010-03-22T01:00+01:00,0.512,0.327,0.295,0.383,8.765
2010-03-29T02:00+02:00,0.449,0.32,0.289,0.414,8.765
2010-04-05T02:00+02:00,0.404,0.298,0.268,0.393,8.765
2010-04-12T02:00+02:00,0.364,0.28,0.255,0.38,8.765
2010-04-19T02:00+02:00,0.317,0.251,0.208,0.345,8.765
2010-04-26T02:00+02:00,0.29,0.273,0.213,0.376,8.765
2010-05-03T02:00+02:00,0.293,0.343,0.266,0.434,8.765
2010-05-10T02:00+02:00,0.25,0.39,0.302,0.439,8.765
2010-05-17T02:00+02:00,0.243,0.429,0.332,0.476,8.765
2010-05-24T02:00+02:00,0.231,0.429,0.343,0.45,8.765
2010-05-31T02:00+02:00,0.336,0.567,0.438,0.555,8.765
2010-06-07T02:00+02:00,0.461,0.686,0.537,0.661,8.765
2010-06-14T02:00+02:00,0.814,0.973,0.745,0.813,8.765
2010-06-21T02:00+02:00,1.049,1.111,0.869,0.898,8.765
2010-06-28T02:00+02:00,1.202,1.169,0.902,0.899,8.765
2010-07-05T02:00+02:00,1.533,1.294,0.96,0.976,8.765
2010-07-12T02:00+02:00,1.869,1.378,0.988,1.036,8.765
2010-07-19T02:00+02:00,2.216,1.453,1.003,1.138,8.765
2010-07-26T02:00+02:00,2.522,1.502,1.012,1.216,8.765
2010-08-02T02:00+02:00,2.661,1.524,0.996,1.262,8.765
2010-08-09T02:00+02:00,2.843,1.584,0.995,1.318,8.765
2010-08-16T02:00+02:00,3.05,1.664,1.023,1.351,8.765
2010-08-23T02:00+02:00,3.2,1.698,1.037,1.365,8.765
2010-08-30T02:00+02:00,3.425,1.707,1.039,1.408,8.765
2010-09-06T02:00+02:00,3.462,1.709,1.027,1.394,8.765
2010-09-13T02:00+02:00,3.511,1.752,1.06,1.389,8.765
2010-09-20T02:00+02:00,3.525,1.726,1.04,1.378,8.765
2010-09-27T02:00+02:00,3.432,1.716,1.018,1.373,8.765
2010-10-04T02:00+02:00,3.403,1.693,1.002,1.341,8.765
2010-10-11T02:00+02:00,3.404,1.733,1.046,1.341,8.765
2010-10-18T02:00+02:00,3.342,1.704,1.018,1.305,8.765
2010-10-25T02:00+02:00,3.178,1.642,0.966,1.248,8.765
2010-11-01T01:00+01:00,3.011,1.603,0.921,1.233,8.765
2010-11-08T01:00+01:00,2.942,1.601,0.898,1.241,8.765
2010-11-15T01:00+01:00,2.858,1.59,0.887,1.268,8.765
2010-11-22T01:00+01:00,2.759,1.593,0.903,1.263,8.765
2010-11-29T01:00+01:00,2.595,1.514,0.883,1.207,8.765
2010-12-06T01:00+01:00,2.34,1.408,0.832,1.108,8.765
2010-12-13T01:00+01:00,2.135,1.358,0.792,1.11,8.765
2010-12-20T01:00+01:00,1.887,1.253,0.744,1.015,8.765
2010-12-27T01:00+01:00,1.771,1.202,0.715,0.988,8.765
2011-01-03T01:00+01:00,1.686,1.171,0.695,0.981,8.775
2011-01-10T01:00+01:00,1.569,1.142,0.662,0.98,8.775
2011-01-17T01:00+01:00,1.477,1.108,0.623,0.96,8.775
2011-01-24T01:00+01:00,1.322,1.013,0.573,0.908,8.775
2011-01-31T01:00+01:00,1.099,0.907,0.529,0.859,8.775
2011-02-07T01:00+01:00,0.902,0.809,0.481,0.793,8.78
2011-02-14T01:00+01:00,0.781,0.743,0.458,0.745,8.78
2011-02-21T01:00+01:00,0.618,0.656,0.432,0.685,8.78
2011-02-28T01:00+01:00,0.466,0.578,0.389,0.64,8.78
2011-03-07T01:00+01:00,0.362,0.503,0.349,0.592,8.78
2011-03-14T01:00+01:00,0.278,0.431,0.304,0.548,8.78
2011-03-21T01:00+01:00,0.227,0.371,0.283,0.551,8.78
2011-03-28T02:00+02:00,0.199,0.335,0.252,0.543,8.78
2011-04-04T02:00+02:00,0.187,0.303,0.227,0.535,8.78
2011-04-11T02:00+02:00,0.201,0.325,0.233,0.517,8.78
2011-04-18T02:00+02:00,0.195,0.304,0.208,0.477,8.78
2011-04-25T02:00+02:00,0.199,0.305,0.187,0.465,8.78
2011-05-02T02:00+02:00,0.207,0.327,0.177,0.435,8.78
2011-05-09T02:00+02:00,0.209,0.323,0.18,0.416,8.78
2011-05-16T02:00+02:00,0.284,0.409,0.232,0.454,8.78
2011-05-23T02:00+02:00,0.322,0.452,0.254,0.461,8.78
2011-05-30T02:00+02:00,0.464,0.592,0.32,0.525,8.78
2011-06-06T02:00+02:00,0.602,0.7,0.361,0.583,8.78
2011-06-13T02:00+02:00,0.696,0.79,0.404,0.607,8.78
2011-06-20T02:00+02:00,0.887,0.931,0.479,0.711,8.78
2011-06-27T02:00+02:00,1.108,1.048,0.545,0.784,8.78
2011-07-04T02:00+02:00,1.383,1.114,0.562,0.867,8.78
2011-07-11T02:00+02:00,1.637,1.185,0.601,0.91,8.78
2011-07-18T02:00+02:00,1.95,1.323,0.724,1.047,8.78
2011-07-25T02:00+02:00,2.048,1.428,0.816,1.107,8.78
2011-08-01T02:00+02:00,2.149,1.42,0.815,1.091,8.78
2011-08-08T02:00+02:00,2.402,1.457,0.836,1.151,8.78
2011-08-15T02:00+02:00,2.6,1.48,0.85,1.174,8.78
2011-08-22T02:00+02:00,2.898,1.477,0.83,1.245,8.78
2011-08-29T02:00+02:00,3.157,1.459,0.832,1.302,8.78
2011-09-05T02:00+02:00,3.334,1.443,0.826,1.33,8.78
2011-09-12T02:00+02:00,3.414,1.462,0.833,1.387,8.78
2011-09-19T02:00+02:00,3.51,1.453,0.818,1.387,8.78
2011-09-26T02:00+02:00,3.499,1.455,0.823,1.38,8.78
2011-10-03T02:00+02:00,3.47,1.394,0.801,1.348,8.78
2011-10-10T02:00+02:00,3.477,1.355,0.773,1.356,8.78
2011-10-17T02:00+02:00,3.505,1.339,0.768,1.411,8.78
2011-10-24T02:00+02:00,3.447,1.301,0.72,1.359,8.78
2011-10-31T01:00+01:00,3.368,1.288,0.705,1.324,8.78
2011-11-07T01:00+01:00,3.272,1.306,0.727,1.308,8.78
2011-11-14T01:00+01:00,3.153,1.3,0.74,1.286,8.78
2011-11-21T01:00+01:00,2.998,1.263,0.701,1.22,8.78
2011-11-28T01:00+01:00,2.849,1.203,0.673,1.16,8.78
2011-12-05T01:00+01:00,2.658,1.145,0.637,1.12,8.78
2011-12-12T01:00+01:00,2.529,1.115,0.615,1.097,8.78
2011-12-19T01:00+01:00,2.337,1.063,0.588,1.075,8.78
2011-12-26T01:00+01:00,2.238,1.025,0.565,1.061,8.78
2012-01-02T01:00+01:00,2.182,1.001,0.555,1.053,8.78
2012-01-09T01:00+01:00,2.169,0.973,0.541,1.039,8.78
2012-01-16T01:00+01:00,2.007,0.927,0.514,0.998,8.78
2012-01-23T01:00+01:00,1.793,0.859,0.485,0.945,8.78
2012-01-30T01:00+01:00,1.582,0.797,0.459,0.891,8.78
2012-02-06T01:00+01:00,1.3,0.693,0.417,0.763,8.78
2012-02-13T01:00+01:00,1.029,0.569,0.371,0.631,8.78
2012-02-20T01:00+01:00,0.826,0.472,0.337,0.536,8.78
2012-02-27T01:00+01:00,0.697,0.407,0.309,0.471,8.78
2012-03-05T01:00+01:00,0.628,0.372,0.278,0.451,8.78
2012-03-12T01:00+01:00,0.537,0.325,0.251,0.407,8.78
2012-03-19T01:00+01:00,0.483,0.298,0.226,0.378,8.78
2012-03-26T02:00+02:00,0.407,0.289,0.217,0.359,8.78
2012-04-02T02:00+02:00,0.375,0.294,0.209,0.371,8.78
2012-04-09T02:00+02:00,0.331,0.284,0.198,0.362,8.78
2012-04-16T02:00+02:00,0.262,0.262,0.175,0.342,8.78
2012-04-23T02:00+02:00,0.203,0.249,0.155,0.303,8.78
2012-04-30T02:00+02:00,0.168,0.272,0.168,0.35,8.78
2012-05-07T02:00+02:00,0.179,0.362,0.224,0.43,8.78
2012-05-14T02:00+02:00,0.242,0.422,0.278,0.5,8.78
2012-05-21T02:00+02:00,0.302,0.455,0.311,0.52,8.78
2012-05-28T02:00+02:00,0.402,0.571,0.386,0.577,8.78
2012-06-04T02:00+02:00,0.596,0.688,0.482,0.641,8.77
2012-06-11T02:00+02:00,0.866,0.867,0.646,0.761,8.77
2012-06-18T02:00+02:00,1.013,0.988,0.739,0.807,8.77
2012-06-25T02:00+02:00,1.366,1.148,0.848,0.916,8.77
2012-07-02T02:00+02:00,1.749,1.24,0.929,1.058,8.77
2012-07-09T02:00+02:00,2.057,1.321,0.989,1.136,8.77
2012-07-16T02:00+02:00,2.33,1.363,1.003,1.16,8.77
2012-07-23T02:00+02:00,2.501,1.369,0.996,1.168,8.77
2012-07-30T02:00+02:00,2.679,1.395,0.994,1.199,8.77
2012-08-06T02:00+02:00,2.965,1.423,1.001,1.268,8.77
2012-08-13T02:00+02:00,3.176,1.451,1.019,1.316,8.77
2012-08-20T02:00+02:00,3.353,1.446,0.987,1.335,8.77
2012-08-27T02:00+02:00,3.479,1.482,1.009,1.385,8.77
2012-09-03T02:00+02:00,3.496,1.501,1.016,1.401,8.77
2012-09-10T02:00+02:00,3.513,1.478,1.004,1.365,8.77
2012-09-17T02:00+02:00,3.558,1.434,0.973,1.371,8.77
2012-09-24T02:00+02:00,3.578,1.39,0.951,1.384,8.77
2012-10-01T02:00+02:00,3.571,1.493,1.038,1.409,8.77
2012-10-08T02:00+02:00,3.536,1.429,1.027,1.379,8.77
2012-10-15T02:00+02:00,3.529,1.355,1.006,1.432,8.77
2012-10-22T02:00+02:00,3.466,1.32,1.002,1.407,8.77
2012-10-29T01:00+01:00,3.399,1.324,0.995,1.38,8.77
2012-11-05T01:00+01:00,3.331,1.325,0.979,1.379,8.77
2012-11-12T01:00+01:00,3.262,1.341,0.976,1.384,8.77
2012-11-19T01:00+01:00,3.156,1.327,0.963,1.346,8.77
2012-11-26T01:00+01:00,3.054,1.299,0.925,1.296,8.77
2012-12-03T01:00+01:00,2.902,1.261,0.912,1.242,8.77
2012-12-10T01:00+01:00,2.767,1.199,0.862,1.194,8.77
2012-12-17T01:00+01:00,2.602,1.127,0.802,1.1,8.77
2012-12-24T01:00+01:00,2.479,1.074,0.748,1.077,8.77
2012-12-31T01:00+01:00,2.434,1.069,0.733,1.133,8.77
2013-01-07T01:00+01:00,2.373,1.06,0.714,1.125,8.775
2013-01-14T01:00+01:00,2.222,0.985,0.657,1.054,8.775
2013-01-21T01:00+01:00,2.003,0.9,0.577,0.917,8.775
2013-01-28T01:00+01:00,1.795,0.803,0.501,0.831,8.775
2013-02-04T01:00+01:00,1.628,0.739,0.476,0.813,8.775
2013-02-11T01:00+01:00,1.436,0.658,0.438,0.743,8.775
2013-02-18T01:00+01:00,1.205,0.577,0.394,0.666,8.775
2013-02-25T01:00+01:00,0.972,0.483,0.339,0.555,8.775
2013-03-04T01:00+01:00,0.749,0.387,0.291,0.448,8.775
2013-03-11T01:00+01:00,0.646,0.324,0.263,0.409,8.775
2013-03-18T01:00+01:00,0.542,0.251,0.219,0.327,8.775
2013-03-25T01:00+01:00,0.45,0.19,0.183,0.273,8.775
2013-04-01T02:00+02:00,0.375,0.135,0.161,0.234,8.775
2013-04-08T02:00+02:00,0.34,0.113,0.141,0.215,8.775
2013-04-15T02:00+02:00,0.309,0.108,0.126,0.231,8.775
2013-04-22T02:00+02:00,0.31,0.132,0.137,0.327,8.775
2013-04-29T02:00+02:00,0.304,0.163,0.172,0.368,8.775
2013-05-06T02:00+02:00,0.319,0.253,0.252,0.452,8.775
2013-05-13T02:00+02:00,0.364,0.33,0.327,0.531,8.775
2013-05-20T02:00+02:00,0.358,0.382,0.375,0.52,8.775
2013-05-27T02:00+02:00,0.325,0.399,0.388,0.423,8.775
2013-06-03T02:00+02:00,0.297,0.407,0.396,0.524,8.775
2013-06-10T02:00+02:00,0.341,0.508,0.463,0.573,8.775
2013-06-17T02:00+02:00,0.541,0.68,0.58,0.673,8.775
2013-06-24T02:00+02:00,1.027,0.918,0.745,0.803,8.775
2013-07-01T02:00+02:00,1.179,0.965,0.781,0.807,8.775
2013-07-08T02:00+02:00,1.455,1.076,0.85,0.849,8.775
2013-07-15T02:00+02:00,1.804,1.185,0.936,0.924,8.775
2013-07-22T02:00+02:00,2.136,1.283,0.982,0.96,8.775
2013-07-29T02:00+02:00,2.47,1.357,1.005,1.001,8.775
2013-08-05T02:00+02:00,2.832,1.436,1.042,1.06,8.775
2013-08-12T02:00+02:00,3.124,1.509,1.105,1.116,8.775
2013-08-19T02:00+02:00,3.306,1.52,1.085,1.1,8.775
2013-08-26T02:00+02:00,3.379,1.531,1.071,1.098,8.775
2013-09-02T02:00+02:00,3.364,1.546,1.046,1.09,8.775
2013-09-09T02:00+02:00,3.483,1.561,1.046,1.089,8.775
2013-09-16T02:00+02:00,3.48,1.599,1.064,1.117,8.775
2013-09-23T02:00+02:00,3.497,1.619,1.056,1.166,8.775
2013-09-30T02:00+02:00,3.479,1.593,1.031,1.138,8.775
2013-10-07T02:00+02:00,3.509,1.595,1.034,1.138,8.795
2013-10-14T02:00+02:00,3.492,1.605,1.021,1.132,8.795
2013-10-21T02:00+02:00,3.446,1.612,1.03,1.131,8.795
2013-10-28T01:00+01:00,3.471,1.767,1.115,1.133,8.795
2013-11-04T01:00+01:00,3.453,1.804,1.119,1.134,8.795
2013-11-11T01:00+01:00,3.425,1.81,1.108,1.136,8.795
2013-11-18T01:00+01:00,3.337,1.781,1.086,1.114,8.795
2013-11-25T01:00+01:00,3.164,1.715,1.058,1.064,8.795
2013-12-02T01:00+01:00,2.93,1.601,1.005,1.003,8.795
2013-12-09T01:00+01:00,2.731,1.483,0.951,0.951,8.795
2013-12-16T01:00+01:00,2.488,1.356,0.891,0.873,8.795
2013-12-23T01:00+01:00,2.306,1.278,0.842,0.826,8.795
2013-12-30T01:00+01:00,2.263,1.278,0.857,0.869,8.795
2014-01-06T01:00+01:00,2.227,1.264,0.85,0.904,8.795
2014-01-13T01:00+01:00,2.146,1.229,0.818,0.896,8.795
2014-01-20T01:00+01:00,2.031,1.157,0.777,0.852,8.795
2014-01-27T01:00+01:00,1.891,1.085,0.739,0.797,8.795
2014-02-03T01:00+01:00,1.728,1.016,0.69,0.736,8.795
2014-02-10T01:00+01:00,1.581,0.948,0.636,0.685,8.795
2014-02-17T01:00+01:00,1.417,0.875,0.577,0.655,8.795
2014-02-24T01:00+01:00,1.294,0.808,0.517,0.623,8.795
2014-03-03T01:00+01:00,1.158,0.728,0.462,0.569,8.795
2014-03-10T01:00+01:00,1.034,0.646,0.404,0.507,8.795
2014-03-17T01:00+01:00,0.94,0.588,0.369,0.486,8.795
2014-03-24T01:00+01:00,0.87,0.546,0.356,0.477,8.795
2014-03-31T02:00+02:00,0.706,0.443,0.309,0.406,8.795
2014-04-07T02:00+02:00,0.603,0.37,0.281,0.374,8.795
2014-04-14T02:00+02:00,0.514,0.352,0.279,0.37,8.795
2014-04-21T02:00+02:00,0.453,0.339,0.268,0.335,8.795
2014-04-28T02:00+02:00,0.416,0.331,0.265,0.365,8.795
2014-05-05T02:00+02:00,0.385,0.346,0.279,0.395,8.795
2014-05-12T02:00+02:00,0.365,0.389,0.303,0.438,8.795
2014-05-19T02:00+02:00,0.331,0.387,0.308,0.447,8.795
2014-05-26T02:00+02:00,0.362,0.506,0.378,0.503,8.795
2014-06-02T02:00+02:00,0.386,0.607,0.443,0.532,8.795
2014-06-09T02:00+02:00,0.477,0.733,0.515,0.58,8.795
2014-06-16T02:00+02:00,0.776,0.96,0.65,0.708,8.795
2014-06-23T02:00+02:00,0.956,1.05,0.698,0.731,8.795
2014-06-30T02:00+02:00,1.166,1.198,0.793,0.792,8.795
2014-07-07T02:00+02:00,1.356,1.307,0.855,0.843,8.795
2014-07-14T02:00+02:00,1.545,1.423,0.923,0.967,8.795
2014-07-21T02:00+02:00,1.783,1.497,0.961,1.013,8.795
2014-07-28T02:00+02:00,2.095,1.588,0.994,1.134,8.795
2014-08-04T02:00+02:00,2.409,1.663,1.046,1.267,8.8
2014-08-11T02:00+02:00,2.68,1.744,1.067,1.317,8.8
2014-08-18T02:00+02:00,2.926,1.8,1.092,1.353,8.8
2014-08-25T02:00+02:00,3.062,1.768,1.074,1.319,8.8
2014-09-01T02:00+02:00,3.265,1.753,1.068,1.37,8.8
2014-09-08T02:00+02:00,3.383,1.727,1.056,1.357,8.8
2014-09-15T02:00+02:00,3.492,1.721,1.042,1.326,8.8
2014-09-22T02:00+02:00,3.563,1.707,1.032,1.281,8.8
2014-09-29T02:00+02:00,3.565,1.692,1.019,1.269,8.8
2014-10-06T02:00+02:00,3.529,1.663,0.999,1.22,8.8
2014-10-13T02:00+02:00,3.533,1.701,1.028,1.195,8.8
2014-10-20T02:00+02:00,3.566,1.798,1.086,1.221,8.8
2014-10-27T01:00+01:00,3.547,1.777,1.057,1.226,8.8
2014-11-03T01:00+01:00,3.47,1.77,1.013,1.176,8.8
2014-11-10T01:00+01:00,3.366,1.78,1.03,1.15,8.8
2014-11-17T01:00+01:00,3.285,1.803,1.046,1.158,8.8
2014-11-24T01:00+01:00,3.165,1.748,1.016,1.133,8.8
2014-12-01T01:00+01:00,3.054,1.692,0.98,1.106,8.8
2014-12-08T01:00+01:00,2.838,1.573,0.946,1.024,8.8
2014-12-15T01:00+01:00,2.634,1.463,0.879,0.929,8.8
2014-12-22T01:00+01:00,2.518,1.392,0.827,0.909,8.8
2014-12-29T01:00+01:00,2.468,1.376,0.798,0.926,8.8
2015-01-05T01:00+01:00,2.365,1.327,0.756,0.92,8.805
2015-01-12T01:00+01:00,2.241,1.247,0.708,0.913,8.805
2015-01-19T01:00+01:00,2.095,1.156,0.663,0.89,8.805
2015-01-26T01:00+01:00,1.857,1.017,0.594,0.818,8.805
2015-02-02T01:00+01:00,1.657,0.91,0.532,0.78,8.805
2015-02-09T01:00+01:00,1.38,0.774,0.46,0.718,8.805
2015-02-16T01:00+01:00,1.16,0.665,0.398,0.679,8.805
2015-02-23T01:00+01:00,0.96,0.557,0.339,0.635,8.805
2015-03-02T01:00+01:00,0.794,0.458,0.289,0.6,8.805
2015-03-09T01:00+01:00,0.669,0.394,0.246,0.582,8.805
2015-03-16T01:00+01:00,0.577,0.346,0.209,0.539,8.805
2015-03-23T01:00+01:00,0.496,0.293,0.176,0.489,8.805
2015-03-30T02:00+02:00,0.41,0.253,0.148,0.441,8.805
2015-04-06T02:00+02:00,0.367,0.219,0.134,0.452,8.805
2015-04-13T02:00+02:00,0.322,0.207,0.11,0.418,8.805
2015-04-20T02:00+02:00,0.291,0.199,0.107,0.432,8.805
2015-04-27T02:00+02:00,0.273,0.222,0.117,0.443,8.805
2015-05-04T02:00+02:00,0.29,0.239,0.141,0.52,8.805
2015-05-11T02:00+02:00,0.418,0.355,0.219,0.612,8.805
2015-05-18T02:00+02:00,0.488,0.504,0.313,0.639,8.805
2015-05-25T02:00+02:00,0.5,0.603,0.378,0.608,8.805
2015-06-01T02:00+02:00,0.554,0.66,0.42,0.609,8.805
2015-06-08T02:00+02:00,0.789,0.841,0.538,0.681,8.805
2015-06-15T02:00+02:00,1.067,1.023,0.659,0.736,8.805
2015-06-22T02:00+02:00,1.282,1.12,0.749,0.823,8.805
2015-06-29T02:00+02:00,1.403,1.172,0.788,0.838,8.805
2015-07-06T02:00+02:00,1.632,1.232,0.833,0.864,8.82
2015-07-13T02:00+02:00,1.926,1.282,0.853,0.919,8.82
2015-07-20T02:00+02:00,2.164,1.279,0.85,0.935,8.82
2015-07-27T02:00+02:00,2.428,1.291,0.847,1.022,8.82
2015-08-03T02:00+02:00,2.711,1.35,0.873,1.118,8.82
2015-08-10T02:00+02:00,2.967,1.387,0.884,1.174,8.82
2015-08-17T02:00+02:00,3.179,1.424,0.91,1.251,8.82
2015-08-24T02:00+02:00,3.208,1.474,0.933,1.286,8.82
2015-08-31T02:00+02:00,3.389,1.537,0.987,1.31,8.82
2015-09-07T02:00+02:00,3.445,1.562,0.977,1.306,8.82
2015-09-14T02:00+02:00,3.445,1.589,0.981,1.283,8.82
2015-09-21T02:00+02:00,3.526,1.727,1.134,1.36,8.82
2015-09-28T02:00+02:00,3.485,1.736,1.127,1.334,8.82
2015-10-05T02:00+02:00,3.436,1.723,1.128,1.287,8.82
2015-10-12T02:00+02:00,3.392,1.726,1.109,1.273,8.82
2015-10-19T02:00+02:00,3.247,1.68,1.075,1.197,8.82
2015-10-26T01:00+01:00,3.12,1.625,1.023,1.114,8.82
2015-11-02T01:00+01:00,2.967,1.58,0.978,1.052,8.82
2015-11-09T01:00+01:00,2.846,1.539,0.928,1.013,8.82
2015-11-16T01:00+01:00,2.722,1.475,0.876,0.957,8.82
2015-11-23T01:00+01:00,2.597,1.401,0.828,0.945,8.82
2015-11-30T01:00+01:00,2.38,1.266,0.75,0.838,8.82
2015-12-07T01:00+01:00,2.183,1.16,0.682,0.785,8.82
2015-12-14T01:00+01:00,2.018,1.078,0.64,0.729,8.82
2015-12-21T01:00+01:00,1.859,1.017,0.596,0.697,8.82
2015-12-28T01:00+01:00,1.808,1.023,0.581,0.689,8.82
2016-01-04T01:00+01:00,1.763,1.026,0.564,0.699,8.835
2016-01-11T01:00+01:00,1.694,1.023,0.538,0.711,8.835
2016-01-18T01:00+01:00,1.623,0.996,0.501,0.703,8.835
2016-01-25T01:00+01:00,1.463,0.907,0.449,0.613,8.835
2016-02-01T01:00+01:00,1.372,0.853,0.42,0.599,8.835
2016-02-08T01:00+01:00,1.289,0.795,0.407,0.584,8.835
2016-02-15T01:00+01:00,1.181,0.73,0.376,0.56,8.835
2016-02-22T01:00+01:00,1.058,0.642,0.338,0.519,8.835
2016-02-29T01:00+01:00,0.98,0.6,0.311,0.506,8.835
2016-03-07T01:00+01:00,0.864,0.544,0.273,0.458,8.835
2016-03-14T01:00+01:00,0.737,0.497,0.223,0.412,8.835
2016-03-21T01:00+01:00,0.611,0.427,0.194,0.372,8.835
2016-03-28T02:00+02:00,0.527,0.391,0.169,0.366,8.835
2016-04-04T02:00+02:00,0.448,0.376,0.161,0.388,8.82
2016-04-11T02:00+02:00,0.397,0.36,0.169,0.398,8.82
2016-04-18T02:00+02:00,0.342,0.374,0.175,0.422,8.82
2016-04-25T02:00+02:00,0.309,0.379,0.178,0.449,8.82
2016-05-02T02:00+02:00,0.248,0.333,0.149,0.423,8.82
2016-05-09T02:00+02:00,0.222,0.311,0.139,0.451,8.82
2016-05-16T02:00+02:00,0.216,0.328,0.159,0.528,8.82
2016-05-23T02:00+02:00,0.233,0.341,0.165,0.53,8.82
2016-05-30T02:00+02:00,0.292,0.468,0.24,0.597,8.82
2016-06-06T02:00+02:00,0.381,0.612,0.329,0.681,8.82
2016-06-13T02:00+02:00,0.56,0.77,0.406,0.768,8.82
2016-06-20T02:00+02:00,0.675,0.946,0.527,0.847,8.82
2016-06-27T02:00+02:00,0.983,1.105,0.62,0.936,8.82
2016-07-04T02:00+02:00,1.348,1.232,0.688,1.009,8.82
2016-07-11T02:00+02:00,1.703,1.322,0.74,1.068,8.82
2016-07-18T02:00+02:00,1.992,1.412,0.793,1.148,8.82
2016-07-25T02:00+02:00,2.279,1.448,0.81,1.133,8.82
2016-08-01T02:00+02:00,2.584,1.487,0.824,1.163,8.82
2016-08-08T02:00+02:00,2.871,1.568,0.85,1.251,8.82
2016-08-15T02:00+02:00,3.075,1.601,0.872,1.271,8.82
2016-08-22T02:00+02:00,3.271,1.634,0.893,1.314,8.82
2016-08-29T02:00+02:00,3.47,1.633,0.909,1.324,8.82
2016-09-05T02:00+02:00,3.539,1.626,0.908,1.312,8.82
2016-09-12T02:00+02:00,3.608,1.626,0.914,1.376,8.82
2016-09-19T02:00+02:00,3.577,1.626,0.925,1.363,8.82
2016-09-26T02:00+02:00,3.541,1.611,0.905,1.327,8.82
2016-10-03T02:00+02:00,3.497,1.593,0.884,1.234,8.825
2016-10-10T02:00+02:00,3.459,1.555,0.864,1.205,8.825
2016-10-17T02:00+02:00,3.358,1.531,0.85,1.167,8.825
2016-10-24T02:00+02:00,3.245,1.491,0.818,1.134,8.825
2016-10-31T01:00+01:00,3.194,1.491,0.808,1.157,8.825
2016-11-07T01:00+01:00,3.139,1.495,0.799,1.171,8.825
2016-11-14T01:00+01:00,3.05,1.463,0.763,1.127,8.825
2016-11-21T01:00+01:00,2.954,1.437,0.747,1.136,8.825
2016-11-28T01:00+01:00,2.909,1.436,0.779,1.133,8.825
2016-12-05T01:00+01:00,2.736,1.373,0.745,1.119,8.825
2016-12-12T01:00+01:00,2.572,1.284,0.679,1.061,8.825
2016-12-19T01:00+01:00,2.356,1.152,0.636,0.94,8.825
2016-12-26T01:00+01:00,2.17,1.06,0.577,0.87,8.825
2017-01-02T01:00+01:00,2.042,1.028,0.548,0.848,8.825
2017-01-09T01:00+01:00,1.82,0.939,0.503,0.802,8.825
2017-01-16T01:00+01:00,1.572,0.816,0.444,0.712,8.825
2017-01-23T01:00+01:00,1.29,0.66,0.376,0.602,8.825
2017-01-30T01:00+01:00,1.06,0.52,0.318,0.535,8.825
2017-02-06T01:00+01:00,0.96,0.488,0.288,0.549,8.855
2017-02-13T01:00+01:00,0.847,0.44,0.255,0.529,8.855
2017-02-20T01:00+01:00,0.754,0.413,0.234,0.509,8.855
2017-02-27T01:00+01:00,0.685,0.374,0.212,0.499,8.855
2017-03-06T01:00+01:00,0.607,0.343,0.191,0.506,8.855
2017-03-13T01:00+01:00,0.543,0.303,0.174,0.541,8.855
2017-03-20T01:00+01:00,0.485,0.27,0.16,0.546,8.855
2017-03-27T02:00+02:00,0.416,0.228,0.165,0.505,8.855
2017-04-03T02:00+02:00,0.352,0.224,0.17,0.477,8.855
2017-04-10T02:00+02:00,0.353,0.185,0.17,0.455,8.855
2017-04-17T02:00+02:00,0.336,0.203,0.178,0.478,8.855
2017-04-24T02:00+02:00,0.273,0.189,0.153,0.432,8.855
2017-05-01T02:00+02:00,0.207,0.178,0.152,0.405,8.855
2017-05-08T02:00+02:00,0.175,0.17,0.135,0.399,8.855
2017-05-15T02:00+02:00,0.191,0.205,0.147,0.439,8.855
2017-05-22T02:00+02:00,0.27,0.302,0.209,0.526,8.855
2017-05-29T02:00+02:00,0.445,0.428,0.302,0.62,8.855
2017-06-05T02:00+02:00,0.669,0.604,0.417,0.74,8.855
2017-06-12T02:00+02:00,0.852,0.771,0.521,0.842,8.855
2017-06-19T02:00+02:00,1.212,0.891,0.61,0.922,8.855
2017-06-26T02:00+02:00,1.558,0.895,0.657,0.973,8.855
2017-07-03T02:00+02:00,1.767,1.09,0.765,1.031,8.855
2017-07-10T02:00+02:00,1.953,1.131,0.777,1.018,8.855
2017-07-17T02:00+02:00,2.172,1.184,0.78,1.07,8.855
2017-07-24T02:00+02:00,2.398,1.23,0.789,1.084,8.855
2017-07-31T02:00+02:00,2.582,1.286,0.794,1.18,8.855
2017-08-07T02:00+02:00,2.85,1.337,0.809,1.243,8.855
2017-08-14T02:00+02:00,3.01,1.44,0.851,1.3,8.855
2017-08-21T02:00+02:00,3.193,1.506,0.867,1.335,8.855
2017-08-28T02:00+02:00,3.336,1.536,0.855,1.316,8.855
2017-09-04T02:00+02:00,3.496,1.633,0.872,1.378,8.855
2017-09-11T02:00+02:00,3.547,1.707,0.887,1.396,8.855
2017-09-18T02:00+02:00,3.564,1.773,0.893,1.388,8.855
2017-09-25T02:00+02:00,3.549,1.794,0.876,1.366,8.855
2017-10-02T02:00+02:00,3.553,1.792,0.839,1.335,8.84
2017-10-09T02:00+02:00,3.589,1.8,0.825,1.355,8.84
2017-10-16T02:00+02:00,3.565,1.783,0.791,1.348,8.84
2017-10-23T02:00+02:00,3.538,1.757,0.751,1.342,8.84
2017-10-30T01:00+01:00,3.445,1.71,0.7,1.328,8.84
2017-11-06T01:00+01:00,3.348,1.697,0.663,1.342,8.84
2017-11-13T01:00+01:00,3.184,1.624,0.603,1.284,8.84
2017-11-20T01:00+01:00,2.973,1.551,0.576,1.221,8.84
2017-11-27T01:00+01:00,2.808,1.436,0.523,1.246,8.84
2017-12-04T01:00+01:00,2.578,1.324,0.497,1.161,8.84
2017-12-11T01:00+01:00,2.319,1.218,0.488,1.004,8.84
2017-12-18T01:00+01:00,2.142,1.113,0.464,0.958,8.84
2017-12-25T01:00+01:00,1.983,1.034,0.428,0.922,8.84
2018-01-01T01:00+01:00,1.934,1.04,0.432,0.955,8.84
2018-01-08T01:00+01:00,1.923,1.042,0.435,0.997,8.84
2018-01-15T01:00+01:00,1.871,0.953,0.403,0.947,8.84
2018-01-22T01:00+01:00,1.784,0.87,0.384,0.915,8.84
2018-01-29T01:00+01:00,1.648,0.809,0.366,0.899,8.84
2018-02-05T01:00+01:00,1.484,0.734,0.343,0.851,8.84
2018-02-12T01:00+01:00,1.285,0.639,0.305,0.757,8.84
2018-02-19T01:00+01:00,1.122,0.572,0.269,0.7,8.84
2018-02-26T01:00+01:00,0.925,0.442,0.232,0.599,8.84
2018-03-05T01:00+01:00,0.599,0.3,0.185,0.395,8.84
2018-03-12T01:00+01:00,0.462,0.281,0.166,0.34,8.84
2018-03-19T01:00+01:00,0.368,0.264,0.161,0.317,8.84
2018-03-26T02:00+02:00,0.292,0.239,0.152,0.287,8.84
2018-04-02T02:00+02:00,0.234,0.196,0.166,0.287,8.84
2018-04-09T02:00+02:00,0.211,0.197,0.139,0.311,8.84
2018-04-16T02:00+02:00,0.173,0.19,0.136,0.309,8.84
2018-04-23T02:00+02:00,0.183,0.239,0.16,0.351,8.84
2018-04-30T02:00+02:00,0.229,0.353,0.213,0.436,8.84
2018-05-07T02:00+02:00,0.26,0.45,0.272,0.491,8.84
2018-05-14T02:00+02:00,0.376,0.566,0.352,0.565,8.84
2018-05-21T02:00+02:00,0.43,0.613,0.407,0.611,8.84
2018-05-28T02:00+02:00,0.55,0.693,0.493,0.662,8.84
2018-06-04T02:00+02:00,0.85,0.885,0.639,0.752,8.84
2018-06-11T02:00+02:00,1.086,0.999,0.738,0.822,8.84
2018-06-18T02:00+02:00,1.394,1.102,0.845,0.937,8.84
2018-06-25T02:00+02:00,1.737,1.176,0.913,1.035,8.84
2018-07-02T02:00+02:00,2.011,1.204,0.895,1.045,8.84
2018-07-09T02:00+02:00,2.327,1.244,0.967,1.103,8.84
2018-07-16T02:00+02:00,2.567,1.279,0.966,1.112,8.84
2018-07-23T02:00+02:00,2.753,1.333,0.964,1.136,8.84
2018-07-30T02:00+02:00,2.914,1.365,0.96,1.147,8.84
2018-08-06T02:00+02:00,3.099,1.384,0.948,1.17,8.84
2018-08-13T02:00+02:00,3.294,1.426,0.956,1.228,8.84
2018-08-20T02:00+02:00,3.427,1.463,0.969,1.278,8.84
2018-08-27T02:00+02:00,3.519,1.486,0.968,1.302,8.84
2018-09-03T02:00+02:00,3.556,1.537,0.966,1.337,8.84
2018-09-10T02:00+02:00,3.583,1.569,0.966,1.329,8.84
2018-09-17T02:00+02:00,3.666,1.581,0.97,1.35,8.84
2018-09-24T02:00+02:00,3.696,1.597,0.974,1.35,8.84
2018-10-01T02:00+02:00,3.688,1.615,0.974,1.331,8.85
2018-10-08T02:00+02:00,3.606,1.612,0.965,1.283,8.85
2018-10-15T02:00+02:00,3.536,1.589,0.953,1.278,8.85
2018-10-22T02:00+02:00,3.446,1.526,0.938,1.264,8.85
2018-10-29T01:00+01:00,3.331,1.495,0.932,1.255,8.85
2018-11-05T01:00+01:00,3.238,1.529,0.974,1.286,8.85
2018-11-12T01:00+01:00,3.199,1.569,1.031,1.28,8.85
2018-11-19T01:00+01:00,3.144,1.563,1.04,1.279,8.85
2018-11-26T01:00+01:00,2.981,1.47,0.994,1.221,8.85
2018-12-03T01:00+01:00,2.889,1.397,0.96,1.187,8.85
2018-12-10T01:00+01:00,2.855,1.351,0.949,1.223,8.85
2018-12-17T01:00+01:00,2.698,1.212,0.886,1.137,8.85
2018-12-24T01:00+01:00,2.643,1.152,0.843,1.133,8.85
2018-12-31T01:00+01:00,2.628,1.126,0.828,1.159,8.85
2019-01-07T01:00+01:00,2.559,1.06,0.797,1.16,8.85
2019-01-14T01:00+01:00,2.396,0.956,0.736,1.119,8.85
2019-01-21T01:00+01:00,2.236,0.834,0.663,1.091,8.85
2019-01-28T01:00+01:00,2.014,0.676,0.582,0.998,8.85
2019-02-04T01:00+01:00,1.826,0.579,0.511,0.926,8.85
2019-02-11T01:00+01:00,1.672,0.518,0.447,0.871,8.85
2019-02-18T01:00+01:00,1.548,0.485,0.384,0.817,8.85
2019-02-25T01:00+01:00,1.437,0.456,0.336,0.781,8.85
2019-03-04T01:00+01:00,1.352,0.438,0.308,0.757,8.85
2019-03-11T01:00+01:00,1.317,0.443,0.304,0.758,8.85
2019-03-18T01:00+01:00,1.247,0.432,0.301,0.772,8.85
2019-03-25T01:00+01:00,1.183,0.417,0.28,0.682,8.85
2019-04-01T02:00+02:00,1.103,0.401,0.257,0.622,8.85
2019-04-08T02:00+02:00,0.958,0.385,0.237,0.514,8.85
2019-04-15T02:00+02:00,0.889,0.377,0.219,0.447,8.85
2019-04-22T02:00+02:00,0.844,0.386,0.211,0.451,8.85
2019-04-29T02:00+02:00,0.837,0.436,0.251,0.489,8.85
2019-05-06T02:00+02:00,0.806,0.449,0.264,0.478,8.85
2019-05-13T02:00+02:00,0.724,0.43,0.256,0.443,8.85
2019-05-20T02:00+02:00,0.686,0.443,0.259,0.433,8.85
2019-05-27T02:00+02:00,0.672,0.5,0.293,0.524,8.85
2019-06-03T02:00+02:00,0.741,0.603,0.348,0.592,8.85
2019-06-10T02:00+02:00,0.93,0.803,0.447,0.702,8.85
2019-06-17T02:00+02:00,1.221,1.168,0.707,0.88,8.85
2019-06-24T02:00+02:00,1.569,1.364,0.86,0.997,8.85
2019-07-01T02:00+02:00,2.013,1.558,0.994,1.116,8.85
2019-07-08T02:00+02:00,2.408,1.631,1.05,1.209,8.85
2019-07-15T02:00+02:00,2.609,1.645,1.069,1.208,8.85
2019-07-22T02:00+02:00,2.742,1.687,1.068,1.229,8.85
2019-07-29T02:00+02:00,2.967,1.713,1.06,1.262,8.85
2019-08-05T02:00+02:00,3.114,1.718,1.053,1.274,8.85
2019-08-12T02:00+02:00,3.337,1.767,1.074,1.316,8.85
2019-08-19T02:00+02:00,3.501,1.818,1.108,1.354,8.85
2019-08-26T02:00+02:00,3.603,1.834,1.13,1.388,8.85
2019-09-02T02:00+02:00,3.637,1.771,1.125,1.358,8.85
2019-09-09T02:00+02:00,3.624,1.778,1.135,1.398,8.85
2019-09-16T02:00+02:00,3.61,1.79,1.134,1.41,8.85
2019-09-23T02:00+02:00,3.691,1.78,1.116,1.408,8.85
2019-09-30T02:00+02:00,3.658,1.775,1.112,1.391,8.85
2019-10-07T02:00+02:00,3.687,1.789,1.11,1.411,8.85
2019-10-14T02:00+02:00,3.713,1.8,1.11,1.418,8.85
2019-10-21T02:00+02:00,3.717,1.838,1.144,1.425,8.85
2019-10-28T01:00+01:00,3.726,1.856,1.17,1.435,8.85
2019-11-04T01:00+01:00,3.724,1.826,1.153,1.425,8.85
2019-11-11T01:00+01:00,3.664,1.816,1.142,1.389,8.85
2019-11-18T01:00+01:00,3.536,1.764,1.112,1.328,8.85
2019-11-25T01:00+01:00,3.359,1.689,1.081,1.247,8.85
2019-12-02T01:00+01:00,3.291,1.659,1.07,1.25,8.85
2019-12-09T01:00+01:00,3.128,1.589,1.013,1.187,8.85
2019-12-16T01:00+01:00,2.993,1.499,0.927,1.132,8.85
2019-12-23T01:00+01:00,2.886,1.476,0.919,1.138,8.85
2019-12-30T01:00+01:00,2.808,1.496,0.914,1.139,8.85
2020-01-06T01:00+01:00,2.723,1.486,0.887,1.135,8.85
2020-01-13T01:00+01:00,2.556,1.382,0.821,1.082,8.85
2020-01-20T01:00+01:00,2.332,1.273,0.746,1.025,8.85
2020-01-27T01:00+01:00,2.037,1.12,0.638,0.901,8.85
2020-02-03T01:00+01:00,1.873,1.036,0.57,0.886,8.85
2020-02-10T01:00+01:00,1.757,0.967,0.521,0.907,8.85
2020-02-17T01:00+01:00,1.643,0.881,0.469,0.89,8.85
2020-02-24T01:00+01:00,1.529,0.802,0.422,0.872,8.85
2020-03-02T01:00+01:00,1.416,0.715,0.376,0.835,8.85
2020-03-09T01:00+01:00,1.249,0.601,0.314,0.779,8.85
2020-03-16T01:00+01:00,1.139,0.529,0.303,0.747,8.85
2020-03-23T01:00+01:00,1.068,0.49,0.284,0.717,8.85
2020-03-30T02:00+02:00,0.999,0.461,0.25,0.66,8.85
2020-04-06T02:00+02:00,0.93,0.426,0.213,0.567,8.87
2020-04-13T02:00+02:00,0.915,0.421,0.204,0.547,8.87
2020-04-20T02:00+02:00,0.921,0.436,0.213,0.557,8.87
2020-04-27T02:00+02:00,0.957,0.515,0.251,0.602,8.87
2020-05-04T02:00+02:00,0.991,0.564,0.288,0.648,8.87
2020-05-11T02:00+02:00,1.054,0.603,0.328,0.705,8.87
2020-05-18T02:00+02:00,1.182,0.729,0.42,0.751,8.87
2020-05-25T02:00+02:00,1.395,0.876,0.506,0.832,8.87
2020-06-01T02:00+02:00,1.579,0.934,0.551,0.866,8.87
2020-06-08T02:00+02:00,1.701,1.031,0.627,0.895,8.87
2020-06-15T02:00+02:00,1.75,1.145,0.699,0.948,8.87
2020-06-22T02:00+02:00,1.804,1.209,0.743,0.967,8.87
2020-06-29T02:00+02:00,2.007,1.292,0.796,1,8.87
2020-07-06T02:00+02:00,2.302,1.37,0.835,1.12,8.87
2020-07-13T02:00+02:00,2.524,1.41,0.849,1.166,8.87
2020-07-20T02:00+02:00,2.631,1.421,0.848,1.175,8.87
2020-07-27T02:00+02:00,2.769,1.452,0.855,1.214,8.87
2020-08-03T02:00+02:00,2.975,1.485,0.866,1.248,8.87
2020-08-10T02:00+02:00,3.083,1.539,0.882,1.298,8.87
2020-08-17T02:00+02:00,3.215,1.555,0.888,1.305,8.87
2020-08-24T02:00+02:00,3.363,1.586,0.901,1.322,8.87
2020-08-31T02:00+02:00,3.462,1.695,0.977,1.359,8.87
2020-09-07T02:00+02:00,3.523,1.745,0.995,1.366,8.87
2020-09-14T02:00+02:00,3.557,1.751,0.986,1.366,8.87
2020-09-21T02:00+02:00,3.584,1.738,0.98,1.358,8.87
2020-09-28T02:00+02:00,3.56,1.748,0.982,1.355,8.87
2020-10-05T02:00+02:00,3.551,1.842,1.074,1.406,8.87
2020-10-12T02:00+02:00,3.562,1.843,1.102,1.412,8.87
2020-10-19T02:00+02:00,3.508,1.774,1.071,1.37,8.87
2020-10-26T01:00+01:00,3.485,1.79,1.072,1.373,8.87
2020-11-02T01:00+01:00,3.481,1.814,1.091,1.397,8.87
2020-11-09T01:00+01:00,3.43,1.806,1.068,1.377,8.87
2020-11-16T01:00+01:00,3.317,1.754,1.026,1.326,8.87
2020-11-23T01:00+01:00,3.228,1.718,0.976,1.298,8.87
2020-11-30T01:00+01:00,2.988,1.61,0.894,1.199,8.87
2020-12-07T01:00+01:00,2.785,1.522,0.819,1.131,8.87
2020-12-14T01:00+01:00,2.587,1.411,0.743,1.056,8.87
2020-12-21T01:00+01:00,2.413,1.317,0.673,0.991,8.87
2020-12-28T01:00+01:00,2.359,1.311,0.644,1.028,8.87
2021-01-04T01:00+01:00,2.308,1.307,0.613,1.031,8.87
2021-01-11T01:00+01:00,2.038,1.168,0.519,0.955,8.87
2021-01-18T01:00+01:00,1.802,1.029,0.432,0.893,8.87
2021-01-25T01:00+01:00,1.615,0.942,0.363,0.861,8.87
2021-02-01T01:00+01:00,1.444,0.856,0.304,0.844,8.87
2021-02-08T01:00+01:00,1.308,0.774,0.278,0.845,8.87
2021-02-15T01:00+01:00,1.08,0.627,0.24,0.744,8.87
2021-02-22T01:00+01:00,0.946,0.556,0.208,0.707,8.87
2021-03-01T01:00+01:00,0.859,0.497,0.188,0.67,8.87
2021-03-08T01:00+01:00,0.711,0.378,0.17,0.593,8.87
2021-03-15T01:00+01:00,0.595,0.295,0.15,0.539,8.87
2021-03-22T01:00+01:00,0.5,0.207,0.131,0.467,8.87
2021-03-29T02:00+02:00,0.435,0.148,0.117,0.43,8.87
2021-04-05T02:00+02:00,0.382,0.151,0.117,0.444,8.87
2021-04-12T02:00+02:00,0.311,0.13,0.083,0.392,8.87
2021-04-19T02:00+02:00,0.289,0.099,0.053,0.331,8.87
2021-04-26T02:00+02:00,0.282,0.102,0.049,0.324,8.87
2021-05-03T02:00+02:00,0.295,0.112,0.071,0.338,8.87
2021-05-10T02:00+02:00,0.29,0.124,0.08,0.358,8.87
2021-05-17T02:00+02:00,0.316,0.217,0.143,0.427,8.87
2021-05-24T02:00+02:00,0.331,0.25,0.163,0.47,8.87
2021-05-31T02:00+02:00,0.35,0.29,0.192,0.491,8.87
2021-06-07T02:00+02:00,0.469,0.4,0.257,0.6,8.87
2021-06-14T02:00+02:00,0.677,0.575,0.367,0.718,8.87
2021-06-21T02:00+02:00,1.039,0.765,0.504,0.828,8.87
2021-06-28T02:00+02:00,1.32,0.945,0.662,0.911,8.87
2021-07-05T02:00+02:00,1.502,1.047,0.758,0.981,8.88
2021-07-12T02:00+02:00,1.799,1.191,0.902,1.117,8.88
2021-07-19T02:00+02:00,2.058,1.298,1.025,1.221,8.88
2021-07-26T02:00+02:00,2.309,1.376,1.048,1.237,8.88
2021-08-02T02:00+02:00,2.605,1.548,1.116,1.329,8.88
2021-08-09T02:00+02:00,2.767,1.675,1.133,1.374,8.88
2021-08-16T02:00+02:00,2.987,1.7,1.108,1.358,8.88
2021-08-23T02:00+02:00,3.198,1.719,1.101,1.374,8.88
2021-08-30T02:00+02:00,3.325,1.668,1.077,1.328,8.88
2021-09-06T02:00+02:00,3.347,1.675,1.044,1.285,8.88
2021-09-13T02:00+02:00,3.379,1.638,1.012,1.255,8.88
2021-09-20T02:00+02:00,3.474,1.626,0.995,1.251,8.88
2021-09-27T02:00+02:00,3.463,1.64,0.989,1.24,8.88
2021-10-04T02:00+02:00,3.477,1.683,0.985,1.219,8.865
2021-10-11T02:00+02:00,3.489,1.721,1.062,1.244,8.865
2021-10-18T02:00+02:00,3.435,1.701,1.036,1.225,8.865
2021-10-25T02:00+02:00,3.355,1.675,1.005,1.197,8.865
2021-11-01T01:00+01:00,3.28,1.635,0.973,1.164,8.865
2021-11-08T01:00+01:00,3.194,1.592,0.945,1.151,8.865
2021-11-15T01:00+01:00,3.003,1.523,0.924,1.091,8.865
2021-11-22T01:00+01:00,2.819,1.436,0.88,1.034,8.865
2021-11-29T01:00+01:00,2.622,1.363,0.831,0.984,8.865
2021-12-06T01:00+01:00,2.45,1.27,0.779,0.936,8.865
2021-12-13T01:00+01:00,2.302,1.228,0.736,0.92,8.865
2021-12-20T01:00+01:00,2.162,1.161,0.677,0.849,8.865
2021-12-27T01:00+01:00,2.084,1.115,0.64,0.797,8.865
2022-01-03T01:00+01:00,2.098,1.139,0.628,0.842,8.865
2022-01-10T01:00+01:00,2.057,1.116,0.608,0.825,8.865
2022-01-17T01:00+01:00,1.892,1.048,0.553,0.795,8.865
2022-01-24T01:00+01:00,1.698,0.964,0.507,0.765,8.865
2022-01-31T01:00+01:00,1.515,0.878,0.448,0.706,8.865
2022-02-07T01:00+01:00,1.319,0.852,0.406,0.694,8.865
2022-02-14T01:00+01:00,1.256,0.799,0.36,0.69,8.865
2022-02-21T01:00+01:00,1.168,0.763,0.33,0.691,8.865
2022-02-28T01:00+01:00,1.102,0.723,0.286,0.668,8.865
2022-03-07T01:00+01:00,1.013,0.654,0.236,0.616,8.865
2022-03-14T01:00+01:00,0.939,0.609,0.217,0.595,8.865
2022-03-21T01:00+01:00,0.855,0.56,0.185,0.588,8.865
2022-03-28T02:00+02:00,0.807,0.537,0.163,0.594,8.865
2022-04-04T02:00+02:00,0.703,0.49,0.134,0.538,8.865
2022-04-11T02:00+02:00,0.65,0.461,0.106,0.519,8.865
2022-04-18T02:00+02:00,0.652,0.482,0.108,0.558,8.865
2022-04-25T02:00+02:00,0.655,0.498,0.1,0.574,8.865
2022-05-02T02:00+02:00,0.657,0.497,0.102,0.572,8.865
2022-05-09T02:00+02:00,0.642,0.487,0.111,0.557,8.865
2022-05-16T02:00+02:00,0.719,0.576,0.153,0.634,8.865
2022-05-23T02:00+02:00,0.999,0.71,0.209,0.753,8.865
2022-05-30T02:00+02:00,1.209,0.851,0.275,0.866,8.865
2022-06-06T02:00+02:00,1.394,0.906,0.314,0.919,8.865
2022-06-13T02:00+02:00,1.521,0.983,0.34,1.011,8.865
2022-06-20T02:00+02:00,1.747,1.031,0.358,1.011,8.865
2022-06-27T02:00+02:00,1.889,1.104,0.398,1.041,8.865
2022-07-04T02:00+02:00,2.117,1.179,0.472,1.121,8.885
2022-07-11T02:00+02:00,2.35,1.23,0.513,1.17,8.885
2022-07-18T02:00+02:00,2.608,1.268,0.538,1.203,8.885
2022-07-25T02:00+02:00,2.791,1.289,0.555,1.223,8.885
2022-08-01T02:00+02:00,2.931,1.336,0.58,1.246,8.885
2022-08-08T02:00+02:00,3.143,1.377,0.603,1.305,8.885
2022-08-15T02:00+02:00,3.387,1.412,0.618,1.324,8.885
2022-08-22T02:00+02:00,3.397,1.452,0.648,1.379,8.885
2022-08-29T02:00+02:00,3.476,1.468,0.666,1.374,8.885
2022-09-05T02:00+02:00,3.537,1.504,0.683,1.396,8.885
2022-09-12T02:00+02:00,3.56,1.557,0.704,1.413,8.885
2022-09-19T02:00+02:00,3.591,1.59,0.719,1.438,8.885
2022-09-26T02:00+02:00,3.577,1.591,0.728,1.394,8.885
2022-10-03T02:00+02:00,3.581,1.617,0.74,1.43,8.885
2022-10-10T02:00+02:00,3.589,1.64,0.755,1.42,8.885
2022-10-17T02:00+02:00,3.591,1.656,0.768,1.4,8.885
2022-10-24T02:00+02:00,3.613,1.711,0.808,1.42,8.885
2022-10-31T01:00+01:00,3.657,1.79,0.858,1.438,8.885
2022-11-07T01:00+01:00,3.628,1.795,0.867,1.427,8.885
2022-11-14T01:00+01:00,3.637,1.778,0.862,1.406,8.885
2022-11-21T01:00+01:00,3.608,1.761,0.855,1.376,8.885
2022-11-28T01:00+01:00,3.623,1.754,0.849,1.359,8.885
2022-12-05T01:00+01:00,3.498,1.673,0.823,1.306,8.87
2022-12-12T01:00+01:00,3.348,1.596,0.782,1.267,8.87
2022-12-19T01:00+01:00,3.242,1.466,0.715,1.181,8.87
2022-12-26T01:00+01:00,3.194,1.473,0.7,1.233,8.87
2023-01-02T01:00+01:00,3.18,1.504,0.704,1.257,8.87
2023-01-09T01:00+01:00,3.205,1.504,0.702,1.219,8.87
2023-01-16T01:00+01:00,3.101,1.482,0.658,1.179,8.87
2023-01-23T01:00+01:00,2.896,1.375,0.593,1.105,8.87
2023-01-30T01:00+01:00,2.647,1.244,0.505,0.999,8.87
2023-02-06T01:00+01:00,2.461,1.174,0.447,0.956,8.87
2023-02-13T01:00+01:00,2.266,1.062,0.384,0.897,8.87
2023-02-20T01:00+01:00,2.117,0.993,0.349,0.866,8.87
2023-02-27T01:00+01:00,1.97,0.924,0.316,0.841,8.87
2023-03-06T01:00+01:00,1.752,0.83,0.268,0.766,8.895
2023-03-13T01:00+01:00,1.57,0.749,0.241,0.722,8.895
2023-03-20T01:00+01:00,1.464,0.728,0.225,0.701,8.895
2023-03-27T02:00+02:00,1.399,0.711,0.212,0.69,8.895
2023-04-03T02:00+02:00,1.327,0.712,0.201,0.695,8.895
2023-04-10T02:00+02:00,1.283,0.696,0.197,0.655,8.895
2023-04-17T02:00+02:00,1.146,0.694,0.192,0.631,8.895
2023-04-24T02:00+02:00,1.03,0.694,0.192,0.603,8.895
2023-05-01T02:00+02:00,0.991,0.718,0.205,0.662,8.895
2023-05-08T02:00+02:00,0.973,0.764,0.245,0.719,8.895
2023-05-15T02:00+02:00,0.996,0.824,0.29,0.756,8.895
2023-05-22T02:00+02:00,0.964,0.877,0.321,0.759,8.895
2023-05-29T02:00+02:00,1.086,0.975,0.391,0.82,8.895
2023-06-05T02:00+02:00,1.199,1.081,0.462,0.895,8.895
2023-06-12T02:00+02:00,1.392,1.182,0.527,0.946,8.895
2023-06-19T02:00+02:00,1.588,1.25,0.572,0.962,8.895
2023-06-26T02:00+02:00,1.932,1.321,0.619,1.046,8.895
2023-07-03T02:00+02:00,2.185,1.362,0.654,1.106,8.895
2023-07-10T02:00+02:00,2.383,1.389,0.684,1.139,8.895
2023-07-17T02:00+02:00,2.617,1.454,0.729,1.195,8.895
2023-07-24T02:00+02:00,2.783,1.474,0.745,1.205,8.895
2023-07-31T02:00+02:00,2.928,1.505,0.772,1.218,8.895
2023-08-07T02:00+02:00,3.093,1.549,0.796,1.283,8.895
2023-08-14T02:00+02:00,3.147,1.561,0.813,1.284,8.895
2023-08-21T02:00+02:00,3.327,1.572,0.838,1.286,8.895
2023-08-28T02:00+02:00,3.464,1.635,0.903,1.299,8.895
2023-09-04T02:00+02:00,3.496,1.735,0.978,1.316,8.895
2023-09-11T02:00+02:00,3.541,1.729,0.968,1.303,8.895
2023-09-18T02:00+02:00,3.602,1.701,0.954,1.281,8.895
2023-09-25T02:00+02:00,3.628,1.789,1.05,1.317,8.895
2023-10-02T02:00+02:00,3.607,1.782,1.04,1.294,8.895
2023-10-09T02:00+02:00,3.598,1.759,1.024,1.281,8.895
2023-10-16T02:00+02:00,3.569,1.723,1.011,1.242,8.895
2023-10-23T02:00+02:00,3.512,1.8,1.077,1.268,8.895
2023-10-30T01:00+01:00,3.524,1.826,1.097,1.285,8.895
2023-11-06T01:00+01:00,3.505,1.851,1.152,1.334,8.895
2023-11-13T01:00+01:00,3.473,1.81,1.119,1.303,8.895
2023-11-20T01:00+01:00,3.46,1.79,1.096,1.361,8.895
2023-11-27T01:00+01:00,3.342,1.747,1.054,1.319,8.895
2023-12-04T01:00+01:00,3.116,1.661,0.976,1.25,8.895
2023-12-11T01:00+01:00,2.933,1.598,0.925,1.188,8.895
2023-12-18T01:00+01:00,2.808,1.559,0.911,1.21,8.895
2023-12-25T01:00+01:00,2.766,1.561,0.881,1.173,8.895
2024-01-01T01:00+01:00,2.789,1.601,0.888,1.199,8.895
2024-01-08T01:00+01:00,2.708,1.579,0.858,1.21,8.895
2024-01-15T01:00+01:00,2.446,1.407,0.766,1.11,8.895
2024-01-22T01:00+01:00,2.189,1.256,0.68,1.026,8.895
2024-01-29T01:00+01:00,2.006,1.167,0.624,1.016,8.895
2024-02-05T01:00+01:00,1.904,1.063,0.576,0.963,8.895
2024-02-12T01:00+01:00,1.738,0.986,0.523,0.932,8.895
2024-02-19T01:00+01:00,1.582,0.907,0.463,0.876,8.895
2024-02-26T01:00+01:00,1.445,0.823,0.416,0.815,8.895
2024-03-04T01:00+01:00,1.247,0.726,0.375,0.729,8.895
2024-03-11T01:00+01:00,1.08,0.635,0.32,0.649,8.895
2024-03-18T01:00+01:00,0.941,0.57,0.262,0.599,8.895
2024-03-25T01:00+01:00,0.839,0.513,0.225,0.552,8.895
2024-04-01T02:00+02:00,0.728,0.456,0.201,0.486,8.895
2024-04-08T02:00+02:00,0.679,0.462,0.224,0.476,8.895
2024-04-15T02:00+02:00,0.659,0.5,0.252,0.501,8.895
2024-04-22T02:00+02:00,0.624,0.521,0.249,0.489,8.895
2024-04-29T02:00+02:00,0.535,0.472,0.222,0.435,8.895
2024-05-06T02:00+02:00,0.524,0.463,0.225,0.432,8.895
2024-05-13T02:00+02:00,0.491,0.503,0.273,0.477,8.895
2024-05-20T02:00+02:00,0.598,0.623,0.354,0.533,8.895
2024-05-27T02:00+02:00,0.579,0.69,0.406,0.543,8.895
2024-06-03T02:00+02:00,0.677,0.805,0.48,0.642,8.895
2024-06-10T02:00+02:00,0.857,0.963,0.599,0.75,8.895
2024-06-17T02:00+02:00,1.109,1.133,0.723,0.859,8.895
2024-06-24T02:00+02:00,1.532,1.359,0.873,0.97,8.895
2024-07-01T02:00+02:00,1.964,1.522,1.001,1.12,8.895
2024-07-08T02:00+02:00,2.398,1.638,1.075,1.232,8.895
2024-07-15T02:00+02:00,2.689,1.693,1.098,1.27,8.895
2024-07-22T02:00+02:00,2.983,1.684,1.102,1.297,8.895
2024-07-29T02:00+02:00,3.178,1.666,1.086,1.276,8.895
2024-08-05T02:00+02:00,3.287,1.663,1.062,1.299,8.895
2024-08-12T02:00+02:00,3.41,1.647,1.043,1.293,8.895
2024-08-19T02:00+02:00,3.476,1.645,1.042,1.271,8.895
2024-08-26T02:00+02:00,3.593,1.636,1.039,1.276,8.895
2024-09-02T02:00+02:00,3.575,1.599,1.037,1.229,8.9
2024-09-09T02:00+02:00,3.531,1.59,1.053,1.21,8.9
2024-09-16T02:00+02:00,3.55,1.627,1.071,1.228,8.9
2024-09-23T02:00+02:00,3.461,1.587,1.043,1.167,8.9
2024-09-30T02:00+02:00,3.492,1.647,1.078,1.166,8.9
2024-10-07T02:00+02:00,3.474,1.652,1.059,1.161,8.9
2024-10-14T02:00+02:00,3.548,1.741,1.113,1.217,8.9
2024-10-21T02:00+02:00,3.575,1.735,1.141,1.195,8.9
2024-10-28T01:00+01:00,3.514,1.724,1.126,1.125,8.9
2024-11-04T01:00+01:00,3.4,1.708,1.121,1.043,8.9
2024-11-11T01:00+01:00,3.231,1.605,1.05,0.99,8.9
2024-11-18T01:00+01:00,3.044,1.506,0.977,0.949,8.9
2024-11-25T01:00+01:00,2.834,1.427,0.908,0.935,8.9
2024-12-02T01:00+01:00,2.667,1.368,0.84,0.934,8.9
2024-12-09T01:00+01:00,2.492,1.31,0.772,0.932,8.9
2024-12-16T01:00+01:00,2.265,1.218,0.66,0.887,8.9
2024-12-23T01:00+01:00,2.154,1.18,0.592,0.879,8.9
2024-12-30T01:00+01:00,2.08,1.139,0.552,0.888,8.9
2025-01-06T01:00+01:00,1.918,1.086,0.524,0.886,8.895
2025-01-13T01:00+01:00,1.756,1.015,0.492,0.868,8.895
2025-01-20T01:00+01:00,1.544,0.854,0.437,0.777,8.895
2025-01-27T01:00+01:00,1.344,0.729,0.398,0.715,8.895
2025-02-03T01:00+01:00,1.219,0.644,0.356,0.696,8.895
2025-02-10T01:00+01:00,1.085,0.536,0.3,0.648,8.895
2025-02-17T01:00+01:00,0.921,0.411,0.241,0.576,8.895
2025-02-24T01:00+01:00,0.792,0.307,0.193,0.514,8.895
2025-03-03T01:00+01:00,0.689,0.242,0.154,0.467,8.895
2025-03-10T01:00+01:00,0.616,0.227,0.124,0.43,8.895
2025-03-17T01:00+01:00,0.594,0.226,0.107,0.422,8.895
2025-03-24T01:00+01:00,0.54,0.218,0.096,0.404,8.895
2025-03-31T02:00+02:00,0.513,0.193,0.092,0.402,8.895
2025-04-07T02:00+02:00,0.472,0.199,0.088,0.392,8.895
2025-04-14T02:00+02:00,0.459,0.202,0.088,0.389,8.895
2025-04-21T02:00+02:00,0.477,0.225,0.13,0.404,8.895
2025-04-28T02:00+02:00,0.422,0.225,0.15,0.414,8.895
2025-05-05T02:00+02:00,0.424,0.28,0.197,0.46,8.895
2025-05-12T02:00+02:00,0.415,0.324,0.249,0.441,8.895
2025-05-19T02:00+02:00,0.415,0.372,0.29,0.428,8.895
2025-05-26T02:00+02:00,0.412,0.414,0.329,0.433,8.895
2025-06-02T02:00+02:00,0.521,0.517,0.408,0.531,8.895
2025-06-09T02:00+02:00,0.776,0.807,0.589,0.678,8.895
2025-06-16T02:00+02:00,1.072,0.963,0.694,0.776,8.895
2025-06-23T02:00+02:00,1.347,1.042,0.755,0.822,8.895
2025-06-30T02:00+02:00,1.618,1.121,0.799,0.877,8.895
2025-07-07T02:00+02:00,1.924,1.162,0.813,0.916,8.895
2025-07-14T02:00+02:00,2.012,1.206,0.828,0.983,8.895
2025-07-21T02:00+02:00,2.195,1.235,0.832,1.037,8.895
2025-07-28T02:00+02:00,2.37,1.329,0.885,1.109,8.895
2025-08-04T02:00+02:00,2.506,1.397,0.899,1.182,8.895
2025-08-11T02:00+02:00,2.692,1.445,0.91,1.213,8.895
2025-08-18T02:00+02:00,2.937,1.465,0.913,1.253,8.895
2025-08-25T02:00+02:00,3.085,1.489,0.916,1.291,8.895
2025-09-01T02:00+02:00,3.219,1.576,0.973,1.318,8.895
2025-09-08T02:00+02:00,3.314,1.611,1.002,1.339,8.895
2025-09-15T02:00+02:00,3.352,1.631,0.988,1.285,8.895
2025-09-22T02:00+02:00,3.439,1.656,0.978,1.325,8.895
2025-09-29T02:00+02:00,3.452,1.714,1.062,1.372,8.895
2025-10-06T02:00+02:00,3.423,1.715,1.068,1.345,8.895
2025-10-13T02:00+02:00,3.342,1.674,1.053,1.306,8.895
2025-10-20T02:00+02:00,3.201,1.62,1.018,1.254,8.895
2025-10-27T01:00+01:00,3.135,1.596,0.983,1.243,8.895
2025-11-03T01:00+01:00,3.088,1.598,0.976,1.266,8.895
2025-11-10T01:00+01:00,3.021,1.581,0.961,1.246,8.895